feature,value,0,1,2,3,4,5,<s>
attn_0_0_outputs,0,2.380823,-0.03652238,-0.6829438,-0.40602586,0.06125441,-0.41340813,-8.901092
attn_0_0_outputs,1,-0.82221985,-0.3467791,-0.48867545,-0.42112857,-0.018785762,-0.45959964,0.94295937
attn_0_0_outputs,2,-0.94633937,-0.22242008,0.059310872,-0.34445396,-0.25717434,-0.23973605,2.8658183
attn_0_0_outputs,3,-0.111155204,0.2931966,-0.35161316,-0.3613198,0.1736872,0.4614754,-0.862737
attn_0_0_outputs,4,-0.3944877,0.13194185,-0.35330212,-0.007396173,-0.2899875,0.1044705,1.9823328
attn_0_0_outputs,5,-0.93845385,0.3836754,0.013529577,-0.0073198806,0.46677426,0.90826946,-1.5052446
attn_0_0_outputs,<pad>,-0.48348042,-0.47344685,-0.36231408,-0.39482853,-0.45660472,-0.44293532,0.994216
attn_0_0_outputs,<s>,-1.2736671,-0.12825659,-0.41811448,-0.3485356,0.2174797,-0.28127304,3.1212273
attn_0_0_outputs,_,0.33504537,0.5787585,0.8425208,0.7997909,0.40216014,0.6060195,-0.400376
attn_0_0_outputs,_,0.25509754,0.15915158,0.3435257,0.67318416,0.5836254,1.0323108,-0.45563322
attn_0_0_outputs,_,0.26039818,0.415977,0.58677214,0.4661419,0.011115879,0.6883016,-0.709012
attn_0_0_outputs,_,0.44677886,0.44367772,0.35217065,0.25407335,0.34798914,0.20857596,-0.3842483
attn_0_0_outputs,_,-0.14892553,0.06190808,0.07095328,0.41229627,0.061859984,0.2923758,-0.86144066
attn_0_0_outputs,_,-0.07733388,0.18088122,0.19431257,0.0077315257,0.079430215,0.28829762,-0.47264743
attn_0_0_outputs,_,0.47288102,0.40244454,0.4570956,0.57310987,0.015705224,0.45347676,-0.25028792
attn_0_0_outputs,_,0.499316,-0.3162636,0.1311638,0.5259865,0.25417522,0.2589816,-0.007748908
attn_0_0_outputs,_,0.60731816,0.36540362,0.09626918,0.20251034,0.42600396,0.079809144,-0.6697053
attn_0_0_outputs,_,0.17047064,0.4232851,0.25277722,0.122140154,0.41353184,0.6309146,-0.8373936
attn_0_0_outputs,_,-0.06676822,-0.060877178,-0.41925555,0.12973316,-0.56790656,0.43888497,-0.22700047
attn_0_0_outputs,_,0.44661298,0.02529795,-0.24448276,0.2410301,-0.1294136,0.53480464,0.17356083
attn_0_0_outputs,_,0.020009197,0.08672943,-0.16637166,0.35098842,0.22781453,0.20211783,-0.66502935
attn_0_0_outputs,_,0.3100182,-0.5358282,-0.12379468,0.025311016,-0.16080956,-0.41201773,-0.25579178
attn_0_0_outputs,_,0.21208917,0.09427835,0.51331013,0.36773133,0.029591031,0.49168298,0.17666985
attn_0_0_outputs,_,0.29986277,0.21477567,-0.56103534,0.45885277,0.3039896,0.22972223,-0.26255202
attn_0_0_outputs,_,0.24156396,-0.059665166,-0.42170057,-0.1321253,-0.15482742,0.37521565,0.2689005
attn_0_0_outputs,_,0.01592883,-0.07657719,-0.3099292,-0.30507517,-0.1702378,-0.024696527,0.5710698
attn_0_0_outputs,_,0.27705348,0.38930494,-0.35748827,-0.16636656,-0.23893026,0.60258245,0.69086766
attn_0_0_outputs,_,-0.22464855,0.4001683,0.5061992,0.5477247,0.52937937,0.52489644,0.040923174
attn_0_0_outputs,_,-0.20159946,-0.008692006,0.17237733,0.32353726,-0.101540156,0.018811546,0.54548186
attn_0_0_outputs,_,-0.36303648,0.33793265,-0.59281385,0.00936652,0.1423714,0.2702043,0.6037339
attn_0_0_outputs,_,-0.5920454,0.16616488,-0.15349573,-0.038826812,0.31439796,0.030124824,0.13378775
attn_0_0_outputs,_,-0.26685804,0.463782,-0.2580038,0.33127978,-0.46832183,0.050245743,0.6474385
attn_0_1_outputs,0,0.5546389,0.24815285,0.2627216,0.09602654,0.274303,-0.042384204,-0.697674
attn_0_1_outputs,1,-0.14397645,0.27850404,0.038770784,-0.09917627,-0.13020913,-0.2388674,-0.2235411
attn_0_1_outputs,2,-0.14895631,-0.05777203,0.36471054,-0.18861511,-0.14420179,-0.47831818,0.20137616
attn_0_1_outputs,3,-0.15404859,0.008551985,-0.09003543,-0.2220476,-0.06405514,-0.22352767,-0.5220386
attn_0_1_outputs,4,-0.048668306,0.14868088,0.15349647,-0.004681407,0.5783504,-0.16735241,-0.281901
attn_0_1_outputs,5,0.017833015,0.08462931,0.048109017,-0.05929046,0.13318254,0.33537245,1.2637429
attn_0_1_outputs,<pad>,-0.77674353,-0.5857498,-0.08089556,-0.26157328,-0.0077607576,-0.1648215,-0.14737344
attn_0_1_outputs,<s>,0.16735548,-0.51979905,0.11832751,0.21319576,0.113217756,-0.28745624,0.31705236
attn_0_1_outputs,_,1.2409407,0.30777946,0.23246053,0.8628394,0.3539622,0.3076535,-0.13875458
attn_0_1_outputs,_,0.105261445,0.48913062,0.60038114,0.6039534,-0.46762437,0.479808,-0.64814115
attn_0_1_outputs,_,0.061647117,0.78166664,0.5727297,0.09674679,0.10993297,0.14957003,-0.78785056
attn_0_1_outputs,_,0.3376662,0.7736932,0.13574572,0.012603842,0.3074887,0.16698955,-0.3019796
attn_0_1_outputs,_,-0.02344959,0.22262262,0.20301387,-0.056183383,-0.0747912,-0.2837174,-0.21288264
attn_0_1_outputs,_,0.36316448,-0.012309425,0.018759253,0.47188717,0.21263307,0.198432,0.030896153
attn_0_1_outputs,_,0.47002095,0.44043276,-0.15437381,0.16537662,0.36945665,0.042461503,-0.14728683
attn_0_1_outputs,_,1.2745091,0.40374243,-0.21055464,0.14791158,0.4005972,0.40439746,0.16294701
attn_0_1_outputs,_,0.65192306,0.32420897,0.33117327,0.24583803,0.0045737457,-0.062353287,-0.06325127
attn_0_1_outputs,_,0.40632814,0.5806624,-0.3130121,0.76032186,-0.4762883,0.18944593,-0.6372166
attn_0_1_outputs,_,0.29751277,-0.08076498,-0.52483803,-0.24920131,-0.16074632,-0.26226032,0.116527244
attn_0_1_outputs,_,0.59636235,-0.33967602,-0.2554728,-0.06146038,-0.60617507,0.101730555,0.16028929
attn_0_1_outputs,_,0.6245887,0.20309919,0.01986063,0.7794014,-0.0555987,-0.4735272,-0.45159528
attn_0_1_outputs,_,0.3673519,0.4745441,-0.09146323,0.36128017,-0.14183518,0.34174845,-0.43759918
attn_0_1_outputs,_,0.37866992,0.4216839,0.24439424,0.44504714,-0.47327235,0.3297189,0.022833806
attn_0_1_outputs,_,0.15780301,-0.1471146,0.120257385,0.18861343,-0.2686909,-0.34161258,-0.29461184
attn_0_1_outputs,_,0.3207513,-0.2730443,-0.36782742,-0.34902555,-0.033914417,0.8482836,-0.69611347
attn_0_1_outputs,_,0.7064807,0.018551977,-0.5581982,-0.17680508,0.48304433,-0.19390768,-0.14933334
attn_0_1_outputs,_,0.16060413,-0.19788814,-0.3907271,0.104864076,-0.16113265,-0.2243662,0.3059062
attn_0_1_outputs,_,0.07953678,0.5912499,-0.22877182,-0.13175026,0.20250066,-0.0496914,0.13667624
attn_0_1_outputs,_,-0.25174162,0.6822842,0.12166122,0.09585155,-0.030616762,0.25422993,-0.43360502
attn_0_1_outputs,_,-0.042717945,-0.46554983,0.12133935,0.47029114,0.34846258,0.53225994,-0.33247355
attn_0_1_outputs,_,-0.16985673,0.19848861,-0.26103815,0.66589457,-0.13230246,-0.36499634,0.40921092
attn_0_1_outputs,_,-0.5169406,-0.533249,-0.15443255,-0.28339788,0.61231893,-0.2375533,0.047008365
attn_0_2_outputs,0,-0.24916284,-0.450834,-0.41327015,-0.22279696,-0.15036574,-0.19227767,0.1078053
attn_0_2_outputs,1,0.010208797,0.12345178,-0.10880852,-0.4185952,0.012944025,0.009991237,-1.9812604
attn_0_2_outputs,10,0.4750553,0.153914,-0.017699914,-0.17677402,0.40953645,0.17570634,1.1558577
attn_0_2_outputs,11,0.0068218415,0.666126,0.47363737,0.23221867,0.35829306,0.43218493,0.5847236
attn_0_2_outputs,12,0.42778185,-0.04066485,0.46114635,0.5023638,0.059586134,-0.07989328,-0.45196053
attn_0_2_outputs,13,0.42524913,0.12055129,0.30855662,-0.11863633,0.3647504,0.21027239,-0.9261756
attn_0_2_outputs,14,1.0050524,0.6125817,0.5790173,0.30062538,0.9311793,0.7578769,0.3109967
attn_0_2_outputs,15,0.20860039,0.03397262,0.1477131,-0.32838696,-0.031000106,0.15581861,0.39023823
attn_0_2_outputs,16,0.6619107,0.57227653,0.19171254,0.21397364,0.34774342,0.57167894,-0.66503197
attn_0_2_outputs,17,0.69929385,1.1254706,0.44007155,-0.35278633,1.4121674,-0.57423335,-0.9003507
attn_0_2_outputs,18,0.38746133,-0.25014025,0.021887505,-0.14718896,0.45542058,0.35011247,-0.2689736
attn_0_2_outputs,19,1.34534,0.23565224,0.9189675,0.3037658,0.3084874,0.73388493,-0.11436853
attn_0_2_outputs,2,-0.07722401,-0.7289478,-0.7338898,-0.20114772,0.12085249,-0.7211514,0.85277563
attn_0_2_outputs,20,-0.07125634,0.34001926,-0.34915602,-0.866715,1.0030607,2.0231762,0.013715453
attn_0_2_outputs,21,0.13823806,0.18542333,-0.3702163,-0.5531504,0.5512258,1.313968,0.023695687
attn_0_2_outputs,22,1.2112862,-0.16608928,0.87467355,0.1920906,0.2764742,0.28389785,-1.8071259
attn_0_2_outputs,23,0.7994128,-0.52650434,0.34991044,-0.25396207,-0.17653582,-0.25436103,6.9197373
attn_0_2_outputs,24,0.4803826,0.28073707,0.36889175,-0.37192354,0.8210186,0.19296354,-0.8340257
attn_0_2_outputs,25,0.033466063,-0.18365657,0.1658563,-0.123862274,0.69008785,0.66687274,-0.04755609
attn_0_2_outputs,26,0.41420713,-0.087003246,0.6287752,-0.22851591,0.9365974,0.28868386,0.4874962
attn_0_2_outputs,27,0.08820569,0.26359376,0.43343237,-0.30726686,0.5268888,-0.28914967,0.23284319
attn_0_2_outputs,28,0.64819986,0.09839014,1.3421341,-0.34275085,-0.031000316,-0.28258288,0.65790665
attn_0_2_outputs,29,1.0678332,0.19815873,0.9046993,-0.37530398,0.77070713,0.29353926,0.25909957
attn_0_2_outputs,3,-0.70452917,-0.6224598,-0.46966234,-0.35362446,0.08889662,-0.754668,1.0051711
attn_0_2_outputs,30,0.6722626,0.041765254,0.24517027,-1.0690608,0.29033378,1.3520951,-0.07641912
attn_0_2_outputs,31,0.8005162,-1.0814986,-0.5397122,0.6299206,0.11071555,0.46713486,-1.3662559
attn_0_2_outputs,4,-0.34581533,0.09666281,0.0204507,-0.49798456,0.45858294,0.008903827,0.9414961
attn_0_2_outputs,5,-0.13634486,-0.4183808,-0.15460268,-0.87255144,-0.13392784,0.035916984,-0.37985033
attn_0_2_outputs,6,-0.26690155,0.11658969,-0.3335841,1.0568271,0.80697775,0.83378196,-1.1591954
attn_0_2_outputs,7,0.3952183,-0.22145721,-0.15565673,-0.22639707,0.2320149,0.35668576,0.09465436
attn_0_2_outputs,8,0.057169087,0.21410073,-0.024607264,0.45361102,0.6960955,0.5484195,0.20068854
attn_0_2_outputs,9,0.44141853,0.18339002,0.16674884,0.2756006,0.28162727,0.72643393,0.34849757
attn_0_3_outputs,0,0.13078591,0.35841268,-0.23541635,0.071780354,0.47489184,0.17359011,-0.4278473
attn_0_3_outputs,1,0.019154653,-0.2788599,-0.16091086,-0.535154,0.17178118,-0.27654204,0.6968752
attn_0_3_outputs,2,-0.29779285,-0.11692088,1.5748408,-0.17790672,0.2395255,-0.08367996,0.2002829
attn_0_3_outputs,3,-0.12437848,-0.05330735,-1.2074385,-0.63312864,0.087333865,-0.22486033,-0.83052903
attn_0_3_outputs,4,0.16353916,-0.37991598,-0.5079875,-0.25790304,-0.29292536,0.11098708,0.61420923
attn_0_3_outputs,5,0.42437977,0.08879034,-0.23788057,0.25860512,0.36801916,0.38277888,-2.6265318
attn_0_3_outputs,<pad>,-0.5210111,-0.09578592,-0.3617142,-0.3301654,0.014566256,0.17227538,0.5793445
attn_0_3_outputs,<s>,-0.039578013,-0.09698489,-1.0096809,-0.028045962,-0.026614655,-0.09773734,0.6296882
attn_0_3_outputs,_,0.6316363,0.37280354,0.30918112,0.6072897,-0.0044796215,0.34759107,-0.06347046
attn_0_3_outputs,_,0.25504166,-0.19916579,0.71441364,0.4549228,0.40404713,0.29343772,-0.4995665
attn_0_3_outputs,_,0.21745706,0.2717388,-0.17547338,0.2602458,0.6335377,0.2630844,-0.79562944
attn_0_3_outputs,_,0.29374158,-0.6378256,0.25189763,0.6317095,0.11191762,0.18579032,-0.5544007
attn_0_3_outputs,_,0.853789,0.31368342,0.14522073,0.32076013,0.45338082,0.43146446,-0.23277527
attn_0_3_outputs,_,0.34085813,0.5347549,0.3991283,0.10810295,0.4890646,0.15491547,-0.6025954
attn_0_3_outputs,_,0.5140873,0.2502206,-0.39842805,0.31115592,-0.037384596,-0.14815661,0.7084126
attn_0_3_outputs,_,0.750062,0.5531112,0.13480797,-0.28595182,0.22926153,-0.013356303,0.8053877
attn_0_3_outputs,_,0.27868217,-0.29735947,-0.04413127,0.25392133,0.11482192,-0.32280323,-0.13731013
attn_0_3_outputs,_,0.1932666,0.40460163,-0.2586442,-0.016212657,-0.37246576,-0.14286456,-0.22627257
attn_0_3_outputs,_,-0.06515791,-0.3231705,-0.037619952,-0.23287971,-0.09438692,0.016620206,-0.47426003
attn_0_3_outputs,_,-0.11412134,0.075845785,-0.20054448,0.5261886,-0.17782806,-0.15943967,-0.52150536
attn_0_3_outputs,_,0.024165861,0.10303212,0.10576717,0.31044626,-0.42698663,0.010108917,0.0054602805
attn_0_3_outputs,_,-0.35217774,0.53451544,-0.10909692,0.3064855,-0.043957543,-0.62603474,0.1910664
attn_0_3_outputs,_,0.5376458,0.09672951,0.030521441,-0.03206592,0.27664688,0.08865489,-0.4458241
attn_0_3_outputs,_,0.09551503,-0.010263239,-0.08560366,0.5189647,-0.32776478,0.07992402,-0.34856746
attn_0_3_outputs,_,-0.3408646,0.31881088,-0.09885582,-0.090784416,-0.33850694,0.39944506,0.27215126
attn_0_3_outputs,_,-0.68502975,0.29884025,-0.3864517,0.20972683,-0.15832414,-0.26321384,-0.36148608
attn_0_3_outputs,_,0.09207867,0.08197379,0.04430804,-0.039469715,0.04996194,-0.7501259,-0.2018554
attn_0_3_outputs,_,0.064889416,0.9280119,-0.63366914,0.041594025,-0.5549311,-0.39412665,0.07113475
attn_0_3_outputs,_,0.107879385,0.28167626,0.13497426,0.25410274,0.04520848,0.49319988,-0.21830878
attn_0_3_outputs,_,0.50648415,-0.17186037,-0.098263554,0.35790706,0.4219386,0.13374567,-0.52963537
attn_0_3_outputs,_,0.2429301,0.40508643,0.054604374,0.2031628,-0.4106629,-0.15095687,-0.14796875
attn_0_3_outputs,_,-0.84381926,0.058501672,-0.0048561073,-0.003449129,-0.07367775,-0.47297165,0.40668306
attn_1_0_outputs,0,0.07587159,-0.08280828,0.19731155,-0.056676388,0.11770654,-0.6377853,-1.2825347
attn_1_0_outputs,1,0.19431207,0.034449708,-0.22184673,0.16060811,0.0015666189,-0.39654198,-0.57500285
attn_1_0_outputs,2,-0.16180049,-0.22210647,-0.09475474,-0.20806536,-0.10577155,-0.4261057,-0.9027966
attn_1_0_outputs,3,-0.37444842,-0.2089966,-0.015065445,-0.18614933,0.35274997,-0.32260346,-0.67823756
attn_1_0_outputs,4,0.11756885,0.1436168,0.29925594,0.30731693,0.99980086,-2.3666425,2.8125248
attn_1_0_outputs,5,0.11864908,0.17738982,0.16477889,0.24235334,0.2692394,2.0025434,-6.455566
attn_1_0_outputs,<pad>,-0.5366249,-0.3127976,-0.19280943,-0.24509056,-0.08915324,-0.29410478,0.8159372
attn_1_0_outputs,<s>,-0.37485132,-0.25368676,-0.1846021,-0.14674099,-0.16195197,-3.0285234,6.4660892
attn_1_0_outputs,_,0.22222503,0.32231072,0.34744635,0.18815532,0.31096622,0.57423836,-0.5625102
attn_1_0_outputs,_,0.27971268,-0.01690066,0.15531512,0.013556879,0.60142463,0.43162164,-0.6032571
attn_1_0_outputs,_,0.31542653,0.2460059,0.32201377,0.14394927,0.3619002,0.5450076,-0.56443167
attn_1_0_outputs,_,0.15288353,0.37672663,0.12779392,0.21427314,0.20364068,0.52464116,-0.31031615
attn_1_0_outputs,_,-0.6469528,-0.329066,-0.44734955,-0.40738794,-1.6664693,-0.50600415,1.159646
attn_1_0_outputs,_,-0.009163555,0.31767377,0.22780657,-0.108031675,0.060643252,0.53186554,-0.6245321
attn_1_0_outputs,_,0.12773982,0.13484256,0.2199427,-0.057687234,0.103509486,0.07657358,-0.45547673
attn_1_0_outputs,_,-0.04578371,-0.34670925,-0.15095963,-0.21348187,-0.19403821,-0.24973631,-0.62973017
attn_1_0_outputs,_,0.124126844,0.2812073,0.17239209,0.10993266,0.37867334,0.3464426,-0.27531627
attn_1_0_outputs,_,0.08125988,-0.24429144,-0.13445055,-0.15758677,-0.35588273,0.032400783,1.1255085
attn_1_0_outputs,_,-0.035707094,0.20276509,-0.028508974,-0.004287936,0.35119852,0.08240822,-0.42691708
attn_1_0_outputs,_,-0.041826803,0.29035535,0.2107029,0.22097328,0.25668532,0.4848881,-0.3945748
attn_1_0_outputs,_,-0.089762494,-0.0006452184,-0.3606506,-0.12946889,0.122751564,-0.081290625,-1.0139067
attn_1_0_outputs,_,-0.21935236,-0.15585013,-0.19480015,-0.33761963,-0.009009284,0.15266523,-0.8567347
attn_1_0_outputs,_,-0.061228454,0.1067886,0.029121388,-0.12045643,0.030280128,0.04168338,-0.7915863
attn_1_0_outputs,_,0.020209892,0.27475542,-0.20895179,-0.06047469,0.1377658,0.38169155,-0.66280484
attn_1_0_outputs,_,-0.15908067,-0.04867828,-0.48528907,-0.23009728,-0.091855966,-0.11469407,-0.4956264
attn_1_0_outputs,_,0.18209149,0.03433609,0.22064736,-0.19537902,0.36096057,0.29387677,-0.67971313
attn_1_0_outputs,_,-0.21784483,0.050598104,0.020000277,-0.053548347,0.07805031,0.27400547,-0.51932955
attn_1_0_outputs,_,0.050922994,-0.03308216,0.19495334,0.10609353,-0.012549,0.3487749,0.7741657
attn_1_0_outputs,_,0.11258144,-0.09003088,0.106822446,-0.2188495,0.07559247,0.6630226,0.60079235
attn_1_0_outputs,_,-0.15647292,-0.3428801,-0.57594293,-0.2560901,0.07288809,0.17380522,-0.92355245
attn_1_0_outputs,_,0.15030284,0.21135943,0.07323999,0.041192662,0.13189328,0.57098204,-0.6625443
attn_1_0_outputs,_,0.11609272,0.011744381,-0.061772693,-0.031236937,0.015682956,0.34745356,-0.38447285
attn_1_1_outputs,0,-1.2556924,-0.25758946,-0.39810917,-0.15351331,-0.15846764,-0.7309346,-0.09382876
attn_1_1_outputs,1,0.0113172885,-0.33360112,-0.23407072,0.16991512,0.21927032,-0.09502773,0.31240883
attn_1_1_outputs,10,0.081237845,-0.0017080322,0.0652444,0.43636975,0.36576912,0.0189186,-0.3036166
attn_1_1_outputs,11,0.43389562,0.33698827,0.3585824,0.39799687,0.23502745,0.31042892,-0.53967214
attn_1_1_outputs,12,0.36340517,-0.75727135,-0.032143243,0.57988125,-0.28698695,-0.07528436,-0.90735906
attn_1_1_outputs,13,0.6975298,-0.059287384,0.4741426,0.26556495,0.24443655,-0.16047381,-0.40390137
attn_1_1_outputs,14,0.39681572,0.46896675,0.6366051,-0.25616503,0.48748305,0.22251163,-0.18802518
attn_1_1_outputs,15,0.62187034,0.24841897,0.62083846,0.12948349,0.6896668,-0.108639926,-0.63884765
attn_1_1_outputs,16,0.5832383,-0.117069826,0.10093231,-0.07404498,0.1475912,0.55791867,0.017702905
attn_1_1_outputs,17,0.24402334,-0.15387665,0.20713758,0.13459852,0.7965357,0.11553763,0.1008264
attn_1_1_outputs,18,-0.09689704,-0.16574773,-0.5371452,0.027517054,-0.2751218,0.31249416,-1.0419613
attn_1_1_outputs,19,0.49906394,-0.39589712,-0.29837298,0.1140329,0.17594953,0.25286824,-0.78846186
attn_1_1_outputs,2,-0.16719477,-0.2542802,-0.124525025,-0.15030861,0.4703726,-0.013409413,0.1500457
attn_1_1_outputs,20,-0.3366609,-0.004073833,-0.21711323,1.0558789,0.32167342,0.045461804,-0.18177187
attn_1_1_outputs,21,0.4040883,-0.53086215,-0.6532418,-0.5407769,0.44841892,0.05964279,-0.037424304
attn_1_1_outputs,22,0.8757804,0.5809255,-0.24666709,0.016350042,0.20416787,-0.011216607,-0.57118106
attn_1_1_outputs,23,-0.18658257,0.593827,0.6664688,-0.4149191,-0.7428002,0.08048021,-0.16600192
attn_1_1_outputs,24,-0.53141415,-0.25498712,0.175877,0.30067357,0.6261487,0.34761032,-0.26448432
attn_1_1_outputs,25,0.49640703,0.4629105,0.25867927,0.2608179,0.060628515,-0.0166679,-0.26869655
attn_1_1_outputs,26,-0.06630666,0.030844716,-0.50782794,-0.44836003,0.5091893,0.47993514,-0.4014729
attn_1_1_outputs,27,0.4984758,-0.32097012,-0.3779165,-0.16164455,-0.07781992,-0.44064084,0.36941862
attn_1_1_outputs,28,0.3088667,-0.027643563,-0.9248676,-0.43810722,0.012047789,0.60699564,0.21968947
attn_1_1_outputs,29,0.042847,1.3309925,0.24742357,-0.65138394,0.5166305,-1.185698,-0.5316107
attn_1_1_outputs,3,-0.36259612,0.114379615,-0.13161217,0.16375807,0.0013721427,-0.17216726,0.052723482
attn_1_1_outputs,30,-0.025839454,-0.28211874,0.77728647,-1.034358,0.44466466,-0.5263232,0.14035442
attn_1_1_outputs,31,0.34913474,-0.15712085,0.7056805,0.0033086408,-0.12475505,0.24728352,0.27176604
attn_1_1_outputs,4,-0.0022517538,-0.14587876,-0.22513944,0.0649909,-0.2040464,-0.84858745,-0.03684235
attn_1_1_outputs,5,0.17725559,-0.89888024,-0.8122857,0.44224668,0.36844257,0.3369661,-2.083217
attn_1_1_outputs,6,0.012477356,0.49177256,0.58582884,-0.3191383,-0.24932328,0.033288363,-0.119760714
attn_1_1_outputs,7,0.62147665,-0.8365881,-0.44809285,0.56178004,0.6075476,0.256708,-1.4455653
attn_1_1_outputs,8,-0.08408674,0.34396502,0.46873307,0.24128553,0.35678732,-1.0945097,1.6936394
attn_1_1_outputs,9,0.29945004,0.09985092,-0.31050792,0.15826344,0.20794578,0.41141903,-0.5567657
attn_1_2_outputs,0,-0.021640286,-0.13439353,-0.34839046,-0.21910067,0.81121063,0.028635252,-0.49848574
attn_1_2_outputs,1,-0.084417425,-0.22992359,-0.16008678,0.084219456,0.26528263,0.15067016,0.79741514
attn_1_2_outputs,2,0.03915446,-0.20178603,1.124181,-0.44361627,-0.051031075,-0.24167703,-7.2102947
attn_1_2_outputs,3,0.22425559,0.014647224,-0.2581399,-0.124511056,0.510444,-0.02902459,-0.7797267
attn_1_2_outputs,4,0.0703873,-0.017322704,-0.6724957,0.19601345,0.2106776,0.009714189,-0.64495456
attn_1_2_outputs,5,-0.0038843171,0.22117878,0.050334945,-0.031890985,0.6935051,0.16906586,0.43444458
attn_1_2_outputs,<pad>,-0.115726575,-0.39858007,-0.22527735,-0.19161837,-0.12299265,0.23960203,0.75408167
attn_1_2_outputs,<s>,-0.4621983,-0.46657082,-0.7961204,-0.6481131,0.10110289,-0.42246518,3.7146196
attn_1_2_outputs,_,-0.55154914,0.4555719,-0.11622033,0.78032297,0.67464346,0.11680311,-0.26262018
attn_1_2_outputs,_,0.03559861,-0.27039173,0.15830213,0.016643662,0.0644402,-0.30819085,0.45690462
attn_1_2_outputs,_,0.20569701,0.1252166,0.48568696,0.04507135,0.4112852,0.12782371,-0.29717466
attn_1_2_outputs,_,0.49418548,0.28670645,0.21131358,0.34087652,0.56769484,0.15566237,0.15651813
attn_1_2_outputs,_,-0.8134266,-0.9575548,-0.32346326,-0.29692057,-1.209678,-0.00030807158,2.1840434
attn_1_2_outputs,_,-0.3229697,-0.15771163,-0.39537448,-0.61137277,-0.3755512,0.06794923,-0.07848121
attn_1_2_outputs,_,-0.17593722,-0.2733916,-0.79596734,0.44773155,0.06022614,-0.284208,-0.63450086
attn_1_2_outputs,_,-0.43837214,-0.5038166,-0.079199776,0.13561153,0.7794531,0.3865799,-0.8882075
attn_1_2_outputs,_,-0.09989305,-0.34766465,-0.07986678,0.18159273,-0.2666205,0.34786138,0.08893549
attn_1_2_outputs,_,-0.011685711,-0.32943878,0.24338308,0.054699022,0.33362585,-0.015687745,1.0534716
attn_1_2_outputs,_,0.20247734,0.59273005,0.37618682,-0.06070563,-0.18088308,0.17275573,-0.29474074
attn_1_2_outputs,_,0.025753967,-0.38046718,0.06400828,0.00686325,0.5287452,0.18178044,0.16603625
attn_1_2_outputs,_,0.12764475,0.054792475,-0.6454507,0.16105013,0.14064267,1.5516062,0.14007191
attn_1_2_outputs,_,0.24644122,-0.15889792,-0.32992432,-0.45279485,0.38001838,0.58542556,0.18441792
attn_1_2_outputs,_,-0.2690842,-0.61803997,-0.48023936,0.7328496,0.5463302,-0.32195133,-0.41989487
attn_1_2_outputs,_,0.6658477,-0.1043728,-0.17806612,-0.09947704,-0.122862615,-0.15664314,-0.45870495
attn_1_2_outputs,_,-0.297001,0.12352223,-0.3382914,0.25979164,-0.060375754,-0.38972878,-0.413469
attn_1_2_outputs,_,-0.49379453,0.2254392,1.0263616,0.4256516,-0.16586754,0.5671339,-0.75710577
attn_1_2_outputs,_,0.08792427,0.19618373,-0.20809233,0.36170423,-0.20420259,0.24114256,-0.8978008
attn_1_2_outputs,_,0.15433362,0.35835424,-1.0713543,-0.052024465,0.59066445,0.41825762,0.28443018
attn_1_2_outputs,_,-0.23233248,-0.5737286,-0.24746515,-0.022142548,0.39620435,0.026529383,0.3792165
attn_1_2_outputs,_,-0.79655343,0.5461968,-0.094867304,0.02398505,-0.36809146,0.011898716,-0.16780783
attn_1_2_outputs,_,-0.3204245,-0.23913151,-0.33472124,-0.0944974,0.26442748,-0.38407856,-0.09557037
attn_1_2_outputs,_,-0.24248332,0.015549266,0.14975211,-0.056130737,0.40936726,0.12897755,0.057228137
attn_1_3_outputs,0,0.32663098,-0.35909823,0.041974798,0.37310883,0.08846056,-0.14716215,0.2661073
attn_1_3_outputs,1,0.65855384,1.1878778,0.4395241,0.3229467,0.41084692,0.3745063,-3.3390062
attn_1_3_outputs,2,-1.7605966,-0.17151225,-0.053213,-0.92927146,0.50358814,0.8487695,1.5485374
attn_1_3_outputs,3,0.29738355,-1.451582,-0.13088924,-0.2790839,-0.14208686,-0.058418524,0.6899072
attn_1_3_outputs,4,0.5399472,-0.119054236,0.013382988,0.5642798,0.4241662,-0.12217799,-0.18320619
attn_1_3_outputs,5,0.2684013,-0.406589,0.42033368,0.03383491,0.12196313,-0.064310156,0.27763414
attn_1_3_outputs,<pad>,-0.3423745,-1.1584727,-0.8233859,0.59096974,-0.4063316,-0.40234506,0.65928835
attn_1_3_outputs,<s>,0.34884486,-2.1610482,-0.31270048,0.050059084,-0.080952585,0.044537034,1.6415089
attn_1_3_outputs,_,0.5515212,0.27893606,0.7980878,1.5240123,0.705849,0.21067764,-1.1126868
attn_1_3_outputs,_,0.23914042,-0.3360024,-0.4287571,0.13863552,-0.1838927,-0.70491713,-0.22582063
attn_1_3_outputs,_,-0.8626088,-0.16338871,0.80414397,0.46601483,0.42857108,-0.33006743,-0.9314981
attn_1_3_outputs,_,-0.41480824,0.23508216,1.0871491,0.3125106,0.55000675,-0.389496,-0.649815
attn_1_3_outputs,_,-0.71317244,-0.5223726,-0.34017172,-0.35223934,-1.7342453,-0.5808075,2.4288652
attn_1_3_outputs,_,-0.039425164,0.06560912,0.3264267,0.23060182,0.47581917,-0.37465528,-0.4285628
attn_1_3_outputs,_,-0.022389328,0.47475043,-1.0496252,0.4761484,-0.65625596,1.5900489,1.2535903
attn_1_3_outputs,_,-1.0185667,-0.17898798,0.15376954,-0.63862765,0.46994904,0.36124858,-0.55155003
attn_1_3_outputs,_,-0.2656227,-0.3086817,-0.27551824,0.6240964,-0.38308463,0.18329476,0.21827891
attn_1_3_outputs,_,-0.35904995,-0.46820512,0.4059703,0.09311318,-0.2141948,0.2298438,0.096328795
attn_1_3_outputs,_,-0.33723682,-0.42921153,-0.3909303,0.34251395,0.10499608,-0.43457782,0.03972309
attn_1_3_outputs,_,-0.8522227,0.23066264,-0.15046418,-0.39408487,0.14189099,-0.22104625,-0.20887114
attn_1_3_outputs,_,-0.023903979,0.38769758,-0.03670198,-0.08055099,0.021493834,0.010042969,-0.022272548
attn_1_3_outputs,_,0.19115642,0.3133899,0.19545971,-0.07844032,0.34162122,0.015600675,-0.26854217
attn_1_3_outputs,_,-0.71440685,0.5903567,-0.3475161,0.61759603,0.026562171,0.0047308523,-0.1278087
attn_1_3_outputs,_,-0.060228694,0.20382564,-0.25193262,-0.241509,-0.1690975,-0.13739982,-0.10580694
attn_1_3_outputs,_,0.27511162,-0.24520306,0.06392451,0.17514683,-0.35816965,-0.13081318,-0.42496946
attn_1_3_outputs,_,-0.67526513,0.44164523,0.369585,-0.12233927,0.9735297,0.327134,-0.99317324
attn_1_3_outputs,_,-0.27934426,0.020562306,0.020971015,0.6352288,-0.0014032011,-0.06950508,-0.015077757
attn_1_3_outputs,_,-0.7069072,-0.29290256,-0.26089817,0.19211484,-0.8956196,0.855432,-0.105515726
attn_1_3_outputs,_,-0.84123033,0.023609046,0.101805694,-1.2548871,-0.89270633,0.3858945,0.29258475
attn_1_3_outputs,_,-0.79028976,0.45655498,0.23628473,-0.031760484,-0.4016148,0.031081881,0.19972144
attn_1_3_outputs,_,-0.16116336,0.40463802,-0.6907476,0.6655203,-0.8112646,0.4653163,0.052050084
attn_1_3_outputs,_,-0.5915325,0.07136954,0.0047375495,0.6851069,-0.17733495,-0.28414077,0.4111319
attn_2_0_outputs,0,-0.22860521,-0.09424873,-0.35564905,1.008263,-0.16467358,-0.31347817,-1.8794341
attn_2_0_outputs,1,-0.31253806,-0.3859623,0.09252198,-0.572034,0.105013594,-0.22749816,1.2158695
attn_2_0_outputs,2,-1.6011045,-0.74158746,-0.43394583,0.23192124,0.18901837,0.06042448,-1.4752551
attn_2_0_outputs,3,0.17971414,-0.035889655,0.02307412,-0.3941901,0.06517125,-0.04650959,-2.9118886
attn_2_0_outputs,4,0.0066370186,-0.23785484,-0.13554887,2.6192524,-0.10190363,-0.1343041,-2.0888546
attn_2_0_outputs,5,-0.023178162,-0.111114495,0.025762938,1.9308693,-0.13714668,-0.7530317,-1.0470123
attn_2_0_outputs,<pad>,-0.55824107,-0.105520494,-0.34356433,-0.5346727,-0.7440688,-0.17860514,0.6128559
attn_2_0_outputs,<s>,0.110245444,-0.44293377,-0.2610309,-2.7087612,-0.29971227,-0.5710905,6.1141224
attn_2_0_outputs,_,0.053676285,0.2497433,0.60107535,0.3014241,-0.063904665,0.61717165,-0.0035463606
attn_2_0_outputs,_,-0.0070682224,0.09093885,0.075723454,0.044921417,-0.24351253,-0.48077753,-0.09598214
attn_2_0_outputs,_,0.3445337,-0.39298582,-0.3343792,0.25257936,0.1447483,0.4700997,-0.4782525
attn_2_0_outputs,_,-0.3796426,-0.5463316,0.049889673,0.5414208,0.38974467,0.02323885,0.13256633
attn_2_0_outputs,_,-0.2095165,-0.73790723,-0.30712527,0.49856865,-0.94519234,-0.11629277,0.22708444
attn_2_0_outputs,_,0.2947168,-0.49088806,-0.38140067,0.30404925,0.38687775,-0.027729388,-0.4208428
attn_2_0_outputs,_,-0.2750631,0.35347295,-1.0074607,-0.169888,0.4361169,0.5151684,0.5012521
attn_2_0_outputs,_,0.30146554,-0.63246304,0.1251891,0.24019243,0.21911646,0.40037316,-0.0013900828
attn_2_0_outputs,_,-0.376864,-0.98641634,-0.26538286,-0.040943988,-0.2841389,0.4500164,0.043783892
attn_2_0_outputs,_,-0.17133775,0.22795683,0.043463077,-0.17251764,-0.56657106,-0.43736082,0.56542385
attn_2_0_outputs,_,0.3408066,-0.0853008,0.40517074,-0.0075566266,-0.28601933,0.63296133,0.7138657
attn_2_0_outputs,_,-0.11400454,-0.4333798,0.83636826,0.06791305,0.40618846,0.38780412,-0.6977089
attn_2_0_outputs,_,0.5758182,-0.33228415,-0.62509197,0.5478475,-0.2223827,0.4613831,0.06396753
attn_2_0_outputs,_,-0.273917,-0.027444713,-0.40137735,0.45770952,0.1188365,0.13370602,0.2463899
attn_2_0_outputs,_,0.35439688,0.112336256,-0.03008209,0.18600985,-0.68850416,-0.19050278,-0.30917105
attn_2_0_outputs,_,0.20059867,-0.13803792,-0.48954362,-0.34567374,-0.07178678,-0.44455287,0.14122927
attn_2_0_outputs,_,0.3370635,-0.11768209,-0.0036073658,-0.8252676,0.25121373,0.06953385,-0.31695375
attn_2_0_outputs,_,0.22738835,0.06833607,0.14242697,-0.1717494,0.25003743,0.0829641,-0.86290807
attn_2_0_outputs,_,0.4122121,-0.1568049,0.037568197,0.39787638,-0.39066547,0.72873586,0.118736126
attn_2_0_outputs,_,0.057095416,0.3805258,-0.12701142,-0.4838684,-0.4687228,0.07894432,-0.1628435
attn_2_0_outputs,_,0.165237,0.17571813,-0.83137214,-0.23143248,0.2842372,-0.06994161,0.16037779
attn_2_0_outputs,_,-0.19810565,0.24407406,-0.6693245,-0.4646402,1.0836325,0.76135856,1.1517608
attn_2_0_outputs,_,0.11746931,-0.109785795,-0.24375269,-0.6493529,0.47104225,-0.14930208,-0.030554092
attn_2_0_outputs,_,0.104363516,-0.14939839,0.2450708,0.12028997,-0.0014841186,-0.44115132,0.3742065
attn_2_1_outputs,0,-0.26697925,-0.55415285,-0.9959483,-0.1532349,-0.32105333,-0.38765937,1.4833663
attn_2_1_outputs,1,0.2792535,-0.0045726937,-0.76442,0.2543916,0.30564564,-0.21258986,0.8014803
attn_2_1_outputs,10,0.36419412,0.37060928,0.2876286,0.43521905,0.9393182,0.31556365,-3.4048862
attn_2_1_outputs,11,0.20187518,0.056351516,0.57532763,0.36012542,0.48961562,0.15657933,-1.381079
attn_2_1_outputs,12,-0.49462914,-0.57214826,-0.46609688,-0.3240507,-0.6012773,-0.34016517,1.8622503
attn_2_1_outputs,13,-0.10375408,0.17699657,0.5920376,-0.17811349,0.03943762,0.39841273,-0.2608305
attn_2_1_outputs,14,-0.46275967,-0.50654477,-0.2881357,-0.34863007,-0.5931088,-0.3629316,4.471368
attn_2_1_outputs,15,0.33814338,0.20497413,0.4383388,0.40090656,0.88125145,0.012370571,-3.2072892
attn_2_1_outputs,16,0.22458483,0.06738455,-0.030651998,0.167877,-0.12069899,0.53699964,-0.023148403
attn_2_1_outputs,17,-0.5015343,-0.22475807,0.10284304,0.15873004,-0.5176924,0.63942486,0.6305027
attn_2_1_outputs,18,-0.22041954,0.2884732,-0.060735475,-0.29629773,-0.09405069,-0.33589438,-0.2379056
attn_2_1_outputs,19,-0.25760484,-0.09895159,0.119474284,-0.6383453,0.48393494,-0.08509815,-0.50422096
attn_2_1_outputs,2,-0.00012816973,-0.34815225,-0.27595904,0.020327779,0.46082556,0.43124518,-1.0809622
attn_2_1_outputs,20,0.43989015,-0.31098655,-0.5611913,0.06666672,-0.2819048,-0.032258518,0.7446505
attn_2_1_outputs,21,0.13816732,0.06895955,0.120996825,0.18305881,-0.9367193,0.6280627,-0.67483515
attn_2_1_outputs,22,-0.20628622,-0.11704721,-0.17391661,-0.0800592,-0.43728733,-0.046468683,0.9606468
attn_2_1_outputs,23,-0.22210628,-0.12506808,0.14905338,0.5213447,-0.3448325,-0.29728994,1.4195004
attn_2_1_outputs,24,0.678696,-0.055888172,-0.31685877,0.40180624,0.2399531,0.15809256,-0.057577852
attn_2_1_outputs,25,0.28580907,0.31876224,0.27604383,0.16797914,0.6613431,0.2746542,-3.5213895
attn_2_1_outputs,26,-0.45735776,-0.23309575,-0.15246938,-0.16308223,0.5189714,-0.048531327,0.31360477
attn_2_1_outputs,27,0.31460813,-0.9998731,0.24983038,0.10208616,0.16167001,0.33082244,1.6777194
attn_2_1_outputs,28,-0.10943791,-0.1618264,0.10397424,-0.07073018,0.03708396,-0.04311226,-3.7939558
attn_2_1_outputs,29,-0.21919431,-0.55582523,-0.16859934,-0.1791771,-0.27800363,0.030232297,0.32420227
attn_2_1_outputs,3,-0.1526234,-0.21936138,0.47422418,-0.0017349374,-0.11375263,-0.45199665,0.83619034
attn_2_1_outputs,30,0.18855897,0.36184478,0.51168835,0.15011424,0.07915684,0.16726106,0.9471307
attn_2_1_outputs,31,-0.6566426,-0.40779504,-0.69088995,0.26067728,-0.09674074,-0.2152731,0.32326978
attn_2_1_outputs,4,-0.37309408,-0.36196223,-0.5079866,-0.37510228,-0.16179547,-0.30194536,0.6893627
attn_2_1_outputs,5,-0.23364371,0.1761792,0.03510347,0.12211566,-0.17941634,-0.0026934901,-0.08860646
attn_2_1_outputs,6,-0.012013836,0.04063979,0.29667303,0.16928126,0.2353955,0.24227202,-1.1208911
attn_2_1_outputs,7,-0.46209252,-0.79603046,-0.07578957,-0.2915577,0.45113626,-0.5248537,1.053286
attn_2_1_outputs,8,0.12533055,-0.5559501,0.23198026,0.40394753,0.014048617,0.17620927,-0.6257021
attn_2_1_outputs,9,-0.3256219,0.27683458,-0.104192525,-0.53156376,-0.69711655,1.086278,0.20548816
attn_2_2_outputs,0,-0.06803842,-0.03420947,0.18977448,0.049331322,-0.23114897,0.3716989,0.947714
attn_2_2_outputs,1,0.45279968,0.8088903,0.4889244,0.5270014,0.60515857,0.7769871,-4.2106442
attn_2_2_outputs,2,-0.10427388,0.11566604,0.029270105,-0.18573079,-0.10709891,0.055135638,-2.009148
attn_2_2_outputs,3,-0.1963626,0.376869,-0.13097489,-0.2868826,0.3237547,0.05044501,0.911285
attn_2_2_outputs,4,-0.58742315,0.49565345,-0.33692256,-0.5962316,-0.50436074,0.015157417,0.021206032
attn_2_2_outputs,5,0.025807649,0.3791635,0.21006507,0.11312457,0.12197498,0.42650908,-0.47369346
attn_2_2_outputs,<pad>,-0.5126832,0.05913502,-0.29392365,-0.6339194,-0.20173232,0.27134642,0.44990703
attn_2_2_outputs,<s>,-0.5973433,-3.0547328,-0.24322881,-0.5225851,-0.25102782,-0.28496182,6.649382
attn_2_2_outputs,_,0.5970842,0.24363089,0.47882348,-0.22785681,-0.48225623,0.5302894,-0.265944
attn_2_2_outputs,_,-0.2862038,0.35981065,-0.44286433,-0.5118562,-0.5984625,0.19593383,0.11344687
attn_2_2_outputs,_,0.2404852,0.17151454,0.79835045,0.001981773,0.6883756,0.5861561,-0.85579056
attn_2_2_outputs,_,-0.16843851,0.31282085,0.9017835,-0.282027,0.7636461,0.32702857,-0.43101147
attn_2_2_outputs,_,-0.31177893,-0.4378676,-0.65522724,-0.54648787,-0.8207364,-0.32618442,1.1536053
attn_2_2_outputs,_,0.21502344,-0.04626934,-0.34954706,-0.21735193,-0.17969707,0.26220426,-0.35720253
attn_2_2_outputs,_,0.043457843,0.14669111,-0.46951473,-0.3329369,0.1420529,-0.14387563,0.27041215
attn_2_2_outputs,_,-0.369147,-0.18113054,0.7236739,0.29598343,0.5779899,-0.003270916,-0.9761273
attn_2_2_outputs,_,0.2678853,-0.2560627,-0.4137157,-0.6220546,-0.2847125,0.23918536,-0.5958581
attn_2_2_outputs,_,-0.380843,-0.06666833,0.07418361,-0.16705473,-0.009237232,0.21902414,0.23042554
attn_2_2_outputs,_,1.1144739,0.13360603,-0.19129424,-0.07949281,0.16214466,0.32388458,0.22491997
attn_2_2_outputs,_,0.41031712,-0.3977282,0.32779986,-0.008661169,-0.310247,0.13440923,-0.09832419
attn_2_2_outputs,_,0.5077086,0.042265087,-0.2804287,-0.57004064,-0.5038247,0.031256534,-0.2450624
attn_2_2_outputs,_,0.10748425,0.278004,0.12520684,0.09075232,-0.08995249,-0.27852595,0.07201044
attn_2_2_outputs,_,-0.038566187,0.22027631,-0.6527456,-0.47262344,0.421795,0.24073339,-0.06367565
attn_2_2_outputs,_,0.37227556,0.27418104,0.24687997,-0.16521749,0.109908596,-0.19799559,-0.6536054
attn_2_2_outputs,_,-0.5530232,-0.056075197,0.061570443,-0.4693335,-0.5522979,0.9264487,0.73970467
attn_2_2_outputs,_,-0.4126223,0.18515694,0.8604985,0.008068442,0.8831536,0.40067568,-1.2953136
attn_2_2_outputs,_,-0.9377518,-0.4909649,-1.0066919,1.0853894,-0.5877486,0.1505482,0.5215753
attn_2_2_outputs,_,0.1512063,0.23596981,-0.22218645,0.19620354,0.49360397,0.5512451,-1.6202835
attn_2_2_outputs,_,-0.5580883,-0.17301239,0.43020228,0.13084458,0.03660451,-0.16553442,-0.681564
attn_2_2_outputs,_,0.31269544,0.50106454,0.117628925,-0.53572387,-0.14045937,0.80313975,-0.8688223
attn_2_2_outputs,_,0.5795045,0.26312724,-0.103795536,-0.06586646,0.1621356,0.34905276,0.24137026
attn_2_2_outputs,_,0.14789739,0.60221356,-0.22565338,-0.7663395,0.37843558,0.13072328,-0.69209546
attn_2_3_outputs,0,-0.07389529,-0.005986353,-0.0076209204,-0.44297242,0.20526001,-0.27812758,-0.08928714
attn_2_3_outputs,1,-0.1576128,-0.13342953,-0.12212485,-0.22439405,0.06566461,-0.410207,-0.80396247
attn_2_3_outputs,10,1.3025819,0.51540005,-0.246279,-0.24126701,1.2429887,0.0033656303,-0.4521117
attn_2_3_outputs,11,0.10522459,0.15481864,0.3789614,-0.14175618,0.7192575,0.24046968,-0.5519995
attn_2_3_outputs,12,0.07229888,0.019412154,-0.13230596,-0.11942554,-6.374544,-0.02576044,5.264185
attn_2_3_outputs,13,0.13309485,-0.1564618,0.16188,-0.18355629,0.32809708,-0.04820199,-0.5156987
attn_2_3_outputs,14,-0.05219392,0.025778962,0.4138546,-0.13258675,0.30280212,-0.14773335,-0.6165904
attn_2_3_outputs,15,0.21930526,0.0972934,0.43727145,0.23934527,0.4180976,-0.017750943,-0.2972879
attn_2_3_outputs,16,0.13830736,0.3475126,0.30241698,-0.13487162,0.2856747,-0.06413325,-0.66398865
attn_2_3_outputs,17,-0.5327355,-0.47663862,-0.3714509,-0.77699584,-1.3008446,-0.7949195,3.1953275
attn_2_3_outputs,18,0.020017613,0.23431544,0.33674297,0.089546956,0.8033411,0.13868287,-0.80494845
attn_2_3_outputs,19,0.011047177,0.045002557,0.4116207,0.31718472,0.7253757,0.17431517,-0.55889726
attn_2_3_outputs,2,0.015205939,-0.04988349,0.0075873593,-0.10152138,0.4304701,-0.13682944,-2.5364058
attn_2_3_outputs,20,0.32903713,0.4098197,0.48105976,-0.12792757,0.6133391,0.15392874,-0.830353
attn_2_3_outputs,21,0.5245758,0.6236164,0.010193717,0.36236805,0.2442407,0.15532689,-0.6842104
attn_2_3_outputs,22,0.42033088,0.3307033,0.33599097,-0.1458404,0.39592126,0.13653004,-0.34312207
attn_2_3_outputs,23,0.23054175,0.092453115,0.40523353,0.05992667,0.55562395,0.12292036,-0.69241935
attn_2_3_outputs,24,0.3506226,0.34735662,0.38080397,0.013256285,0.93941116,0.041674417,-0.7221155
attn_2_3_outputs,25,-0.009608061,-0.0036028884,0.06415748,-0.28147405,0.4784865,-0.19208518,-0.9304542
attn_2_3_outputs,26,0.099463046,0.029022036,0.20932724,-0.0021376505,0.32766756,-0.100386225,-0.6721524
attn_2_3_outputs,27,0.093667425,-0.31626332,-0.374755,-0.49134812,-0.23618354,0.0021381034,0.7984433
attn_2_3_outputs,28,-0.0805612,-0.44178942,0.18135346,-0.38066933,-0.99910045,-0.21744122,2.407925
attn_2_3_outputs,29,0.1352908,-0.3802514,0.39997208,-0.21424231,-0.06712193,-0.10595406,-0.7167741
attn_2_3_outputs,3,-0.15065871,-0.24566616,-0.9697723,-0.4577845,-0.6160502,-1.0303718,0.9327217
attn_2_3_outputs,30,0.031887084,-0.04799272,0.32850704,0.38914824,0.6741485,-0.05372402,-0.7617451
attn_2_3_outputs,31,-0.113890834,0.5854612,0.6031281,-0.18206756,0.3409414,-0.17944184,-0.5911593
attn_2_3_outputs,4,-0.09821136,0.062468868,0.11741904,-0.17014302,0.038854204,-0.5566157,0.08449852
attn_2_3_outputs,5,-0.25539428,0.0018022094,-0.23224662,-0.45033756,-0.07250885,-0.5376276,-0.30496612
attn_2_3_outputs,6,1.0069362,0.78936446,1.263997,-0.5428238,0.65517944,-0.6972588,-0.36075914
attn_2_3_outputs,7,-0.709425,0.3353446,0.9833362,-0.32122365,1.1171707,-0.6467831,0.8970901
attn_2_3_outputs,8,0.33482763,0.23487644,0.26064909,0.20928824,0.7577106,0.15642339,-3.7021813
attn_2_3_outputs,9,0.19803838,0.6393781,0.61024475,-0.21443887,0.32428312,0.1374205,0.08950882
mlp_0_0_outputs,0,0.14808775,0.50011843,-0.15897973,0.08385847,0.032966945,0.1767052,-0.10743934
mlp_0_0_outputs,1,-0.33511657,0.47278053,0.023735063,-0.44409835,-0.05448021,-0.041821994,0.25244325
mlp_0_0_outputs,10,0.39642048,0.3567459,-0.27895084,0.19305496,0.50445175,0.062164523,0.2190746
mlp_0_0_outputs,11,0.37320435,0.23527943,-0.2996514,-0.07394204,0.019718105,0.04876447,0.46116963
mlp_0_0_outputs,12,0.6405028,-0.4487424,4.911698,-0.3034313,1.019801,-0.6162294,-10.316292
mlp_0_0_outputs,13,0.43534604,0.05951079,-0.30556062,0.0064526466,0.072885126,0.09452561,0.44951612
mlp_0_0_outputs,14,-0.0675874,0.028521303,-0.20051998,-0.2861271,-0.21930413,0.07401437,-0.0015749389
mlp_0_0_outputs,15,0.08463029,0.25095227,-0.5350834,-0.20827626,0.09526194,-0.03978065,-0.07379817
mlp_0_0_outputs,16,0.39064655,-0.2971391,-0.26598674,-0.25789723,0.11985063,-0.22312206,0.15090746
mlp_0_0_outputs,17,-0.100250416,0.2200796,0.2674576,-0.21867862,0.091715015,-0.26885146,-0.33920917
mlp_0_0_outputs,18,-0.018753432,-0.12965788,-0.44830737,-0.35817048,0.28581125,-0.12594113,-0.20086569
mlp_0_0_outputs,19,0.55157804,0.09154934,-0.24127229,-0.34152302,0.44266978,-0.15275604,0.38221183
mlp_0_0_outputs,2,0.44290686,0.31707194,-0.28493693,-0.019455269,0.40777755,0.17188184,1.8563257
mlp_0_0_outputs,20,-0.12553564,0.3281954,-0.42733797,-0.25782394,0.007818498,-0.26402372,-0.04055806
mlp_0_0_outputs,21,0.26141942,0.14201882,-0.537683,-0.233991,0.1542394,-0.1654337,0.05056583
mlp_0_0_outputs,22,0.35901648,0.22775689,-0.49238113,-0.41558918,0.35882026,-0.08629467,0.07743675
mlp_0_0_outputs,23,0.041204885,-0.11050578,-0.76337147,-0.26365256,-0.22880618,-0.44700935,-0.08933523
mlp_0_0_outputs,24,0.21567029,-0.093097314,0.13408013,-0.1545816,0.15720624,-0.077678755,0.20093226
mlp_0_0_outputs,25,-0.08999293,0.028760403,-0.08761976,-0.22498332,0.25266442,-0.029848585,-0.026236163
mlp_0_0_outputs,26,0.19061396,-0.016162977,-0.49825644,-0.1887178,0.14814833,-0.076863736,-0.22850879
mlp_0_0_outputs,27,-0.04691035,-0.05455191,-0.1363446,-0.3747151,0.035709467,0.5261354,-0.009501058
mlp_0_0_outputs,28,-0.43248162,0.07989724,-0.10255645,-0.5457567,0.1425927,-0.59087765,-0.3236079
mlp_0_0_outputs,29,0.2486963,-0.064405836,-0.34895995,0.16413479,0.046488095,-0.13970004,-0.04367481
mlp_0_0_outputs,3,0.3100231,0.41671893,-0.032116454,-0.4424596,0.104778804,0.06902724,-0.026813883
mlp_0_0_outputs,30,0.21673459,0.23502074,-0.19946057,-0.73443687,0.22222182,-0.45326287,-0.183362
mlp_0_0_outputs,31,0.31943706,0.317085,0.11130537,-0.23351723,0.38089108,0.072432674,0.18769906
mlp_0_0_outputs,4,0.36891386,0.050229736,0.06258315,-0.34757262,0.10796366,0.020994404,0.17049992
mlp_0_0_outputs,5,0.34775442,0.13274112,-0.62653816,-0.30107504,0.3460031,-0.0693367,0.07448411
mlp_0_0_outputs,6,-0.004924495,-0.15144816,-0.07477302,-0.20287776,0.2526163,-0.046288647,0.09285163
mlp_0_0_outputs,7,0.47078112,0.110803224,-0.28354898,-0.0057312553,0.14161181,-0.058569245,-0.34356868
mlp_0_0_outputs,8,-0.22466432,-0.5605343,-0.30276415,-0.5742283,-0.29379538,-0.5884906,3.2135804
mlp_0_0_outputs,9,0.23088832,-0.22284172,-0.3817097,-0.37149638,0.20870636,-0.17914268,-0.080276765
mlp_0_1_outputs,0,0.46953553,-0.30782157,0.8712227,-0.49012348,-0.3572536,-0.17597058,-0.08450983
mlp_0_1_outputs,1,-0.07216525,0.06477354,-0.011685165,-0.11085875,-0.3241893,0.14287348,-0.20495206
mlp_0_1_outputs,10,-0.49090755,-0.3248186,0.33849528,-0.21606384,-0.313083,-0.405031,-0.4248832
mlp_0_1_outputs,11,-0.010122419,0.077220395,-0.13074723,-0.06950476,-0.09693213,-0.061814632,0.00425849
mlp_0_1_outputs,12,-0.21157679,0.037017997,0.110631116,0.055655405,0.12260861,0.2553416,-0.0704121
mlp_0_1_outputs,13,-0.334905,0.67758644,0.070974335,0.32731715,0.19496189,-0.4467051,-0.28090522
mlp_0_1_outputs,14,-0.0147343995,0.3914103,0.06032519,0.41336954,-0.24677984,-0.101187184,0.13054895
mlp_0_1_outputs,15,0.20672311,-0.544535,-0.4221066,-0.5101952,-0.13539006,-0.1175185,-0.2282868
mlp_0_1_outputs,16,0.37816647,0.2947883,-0.13254054,0.07229504,0.19756296,-0.047077335,0.22087026
mlp_0_1_outputs,17,0.41132468,0.3566363,0.19285488,-0.013532561,0.02036407,-0.09750118,0.07043047
mlp_0_1_outputs,18,0.11046091,-0.022262348,-0.106253766,-0.00856671,0.10436062,0.20677607,-0.14968832
mlp_0_1_outputs,19,-0.3759888,0.2718401,-0.140276,-0.3747795,-0.07357731,0.20146213,-0.07624869
mlp_0_1_outputs,2,0.17687736,0.75503075,0.29082847,0.29569575,0.90237665,-0.042948056,0.25449646
mlp_0_1_outputs,20,0.56445384,0.32832256,-0.17894486,-0.37743312,-0.14974897,-0.13606496,-0.072413
mlp_0_1_outputs,21,0.047224488,0.50184685,-0.15434264,-0.098452725,0.004110182,-0.03697974,0.055850156
mlp_0_1_outputs,22,0.33180252,-0.53591466,-0.7162822,-0.6063976,-0.3280241,-0.2618898,-0.27892762
mlp_0_1_outputs,23,-0.034380436,-0.77139086,0.33038396,-0.21135947,-0.42413098,0.032707226,-0.3669253
mlp_0_1_outputs,24,0.4332469,0.3667302,-0.11940969,-0.033203617,0.18437722,-0.114634566,-0.17494102
mlp_0_1_outputs,25,0.30341923,0.041204315,-0.085963726,-0.06840205,-0.39433122,0.12950905,-0.05778099
mlp_0_1_outputs,26,0.36375934,0.04244893,0.141228,-0.42691383,0.29474086,0.045654546,-0.18755274
mlp_0_1_outputs,27,0.5749721,0.32284287,0.043632228,0.09195081,0.13722326,-0.16602506,0.27911025
mlp_0_1_outputs,28,-0.20226462,0.38266283,0.1400271,-0.12373398,-0.18304235,-0.16837087,-0.302526
mlp_0_1_outputs,29,-0.34610292,0.08824934,0.27358004,-0.14826436,0.22592147,0.0031668318,-0.28468356
mlp_0_1_outputs,3,0.04794617,0.21022204,0.029234739,0.026592808,0.04002973,-0.08270938,-0.36085078
mlp_0_1_outputs,30,0.05778121,0.021354089,0.032556426,-0.24297944,0.59400743,0.27086172,-0.063212626
mlp_0_1_outputs,31,0.19311409,0.32166952,0.06286345,-0.13566473,-0.08474502,0.6101278,-0.0013475918
mlp_0_1_outputs,4,-0.013478197,0.33751306,0.10927461,0.24534394,0.19657531,0.19240832,-0.21549332
mlp_0_1_outputs,5,-0.5966074,0.282039,-0.14531189,0.08507192,-0.23125674,-0.32528925,-0.26083913
mlp_0_1_outputs,6,-0.41418138,-0.066606335,-0.059964675,-0.3177177,-0.31384143,-0.5506837,-0.3148047
mlp_0_1_outputs,7,0.017951338,0.073097706,-0.31233087,0.12659036,0.013179193,0.024923723,0.08358042
mlp_0_1_outputs,8,-0.17260434,0.14775178,-0.55708593,-0.1839216,-0.34970436,-0.38413814,-0.01738735
mlp_0_1_outputs,9,-0.22933249,-0.09356415,0.3894172,0.07080788,0.14778185,0.45595083,-0.19869888
mlp_1_0_outputs,0,0.024390183,-0.3460098,0.049990408,0.016932001,1.0681214,0.5774436,-1.7916915
mlp_1_0_outputs,1,0.21435732,-0.08414486,-0.66346204,-0.83534473,-0.80807096,0.24662732,0.4656353
mlp_1_0_outputs,10,-1.1500432,-0.27164602,-1.2531552,-1.3182323,0.86739725,-0.8363625,0.8905947
mlp_1_0_outputs,11,0.13863751,0.09301395,-0.7513253,-0.19694895,-0.8414637,-0.2957443,1.1921471
mlp_1_0_outputs,12,0.71965563,0.2820391,0.81503475,0.6053924,0.52605444,0.93193746,-1.9079603
mlp_1_0_outputs,13,-0.20835023,-0.2571456,-0.060672577,-0.33758098,-0.7230433,-0.05687269,1.0986633
mlp_1_0_outputs,14,-0.013014748,-0.5067185,-0.46303603,-0.7071015,-0.27345803,-0.36814559,1.0819869
mlp_1_0_outputs,15,-0.37487814,-0.88863635,0.065364696,-0.20525374,0.5349304,0.2145754,-0.325982
mlp_1_0_outputs,16,-0.040128585,-0.44577077,-0.05503835,-0.2358994,1.0164362,0.28766903,-1.3389394
mlp_1_0_outputs,17,0.11016282,0.219142,-0.6307862,-1.0942268,0.027813196,0.61184466,-0.78744185
mlp_1_0_outputs,18,-0.3727454,-0.33793855,-0.83585787,-0.4926726,-0.30083397,0.6929379,0.6600855
mlp_1_0_outputs,19,0.29463616,-0.2634091,0.5122043,0.5297672,0.62394977,1.1099424,-2.7665637
mlp_1_0_outputs,2,-0.029022709,0.8348718,-0.17945133,-0.06234428,-0.36729342,0.72914416,-1.1636784
mlp_1_0_outputs,20,-0.46192607,-0.9709658,-1.1405838,-0.93549675,0.44155362,-0.3743298,0.8653448
mlp_1_0_outputs,21,-0.11446076,-1.0548401,-0.2838215,0.056146987,0.019711906,0.5943072,0.3478248
mlp_1_0_outputs,22,-0.58356225,-0.23043923,-0.7101,-0.7148145,-0.001248298,0.14312004,1.2418759
mlp_1_0_outputs,23,0.30069044,0.056089796,0.30309165,0.32004994,1.4209077,0.90337706,-1.4976082
mlp_1_0_outputs,24,0.026783306,-0.14303394,-0.028353374,0.1812266,1.098879,0.34641328,-1.0414402
mlp_1_0_outputs,25,-0.24116038,-1.0083593,-0.3601872,-0.64913166,0.059176013,-0.22637957,0.97231424
mlp_1_0_outputs,26,2.978726,1.649897,0.96989423,3.2994256,-1.0855482,0.6871708,-41.880516
mlp_1_0_outputs,27,-1.0442213,0.363837,-0.006640336,-2.67588,-1.0246052,-2.138705,10.053605
mlp_1_0_outputs,28,-0.8141989,-0.09105113,-0.92079866,-0.9400288,0.18536244,-0.43823487,1.3476367
mlp_1_0_outputs,29,-0.56860495,-0.30792114,-1.2356181,-1.1635442,-0.11053248,-0.7776698,0.5999524
mlp_1_0_outputs,3,-0.10212819,-0.43146947,-0.32477394,0.6943397,1.086923,1.580037,-9.810983
mlp_1_0_outputs,30,-0.06326378,-1.3298948,-0.52663153,-0.42612422,0.15571809,0.17484167,0.93488735
mlp_1_0_outputs,31,-0.22311598,-0.18700697,-0.034083355,-0.5630869,0.7029156,0.4573383,-0.7231319
mlp_1_0_outputs,4,0.27934626,0.50734514,0.1863972,-0.19251542,-0.20817867,0.1962816,-0.19261082
mlp_1_0_outputs,5,-1.4741995,0.12270145,-1.4768678,-1.5363443,1.5837263,-1.1897358,0.71531266
mlp_1_0_outputs,6,-0.15730709,-0.038505416,-0.45965168,-1.0004445,-0.15625714,-0.14188711,1.5196078
mlp_1_0_outputs,7,-0.06785814,-1.0420175,0.38613552,-0.2934547,-0.2272359,0.11212657,-0.21233249
mlp_1_0_outputs,8,-0.8981958,-0.12128627,-0.77098435,-0.30729598,0.34574708,-0.006311658,1.0390465
mlp_1_0_outputs,9,-0.0730807,-0.81583315,-0.10993461,-0.21747689,-0.8467182,0.4784921,0.7495698
mlp_1_1_outputs,0,0.243164,0.021710016,0.03704297,-0.27506435,-0.025687294,0.08434827,-0.15720503
mlp_1_1_outputs,1,-0.28396684,0.63813424,-0.320119,0.02336604,0.16547011,-0.024061887,-0.1521412
mlp_1_1_outputs,10,0.23408265,0.08612821,-0.101448424,-0.015553156,0.51962626,0.006473517,-0.24751534
mlp_1_1_outputs,11,-0.45144188,-0.31649575,0.30805513,-0.004733808,0.066924475,0.019788625,-0.15355079
mlp_1_1_outputs,12,0.23393859,0.16990618,0.032362092,-0.16459517,0.058416832,-0.12586346,0.03615768
mlp_1_1_outputs,13,-0.27889872,-0.21391007,0.016218144,-0.02354683,0.08070841,-0.14891645,0.0045046574
mlp_1_1_outputs,14,-0.2732815,-0.51872605,0.2609338,-0.42453718,0.11875125,-0.12672827,-0.24284513
mlp_1_1_outputs,15,0.5474405,0.12410297,0.17874245,-0.0626096,0.25661486,0.6087441,0.20658883
mlp_1_1_outputs,16,0.40517652,-0.52671134,0.5104053,-0.11348773,0.2291811,-0.21315756,-0.17218705
mlp_1_1_outputs,17,-0.084825195,-0.04028176,-0.62033194,-0.60136473,-0.4309524,-0.09145437,-0.14121795
mlp_1_1_outputs,18,-0.5129481,-0.46254852,-0.34057245,-0.56626445,0.36790556,-0.6797315,-0.36128345
mlp_1_1_outputs,19,-0.07920004,-0.058788046,0.29747716,0.22803812,0.10433585,-0.108958006,0.17821331
mlp_1_1_outputs,2,0.008848463,-0.33045024,-0.011893224,0.16459979,0.23714352,0.26422137,0.13687778
mlp_1_1_outputs,20,0.12794912,-0.177055,0.07381072,-0.03113785,-0.33602512,-0.0725384,-0.19906154
mlp_1_1_outputs,21,0.16612369,-0.6269823,0.9558318,-0.31534833,0.51529574,0.07633756,0.0027343214
mlp_1_1_outputs,22,0.1748437,0.9206177,-0.33706534,-0.23309238,-0.14607382,0.08079075,-0.17173216
mlp_1_1_outputs,23,0.41863292,-0.38184315,0.61065716,0.21009879,-0.1509332,-0.0040517817,-0.22405528
mlp_1_1_outputs,24,0.008441804,0.02014553,-0.101878874,-0.027851818,-0.1981533,-0.29893115,-0.16639648
mlp_1_1_outputs,25,0.3063099,-0.2768077,-0.28803292,-0.29124874,0.24181058,-0.2676875,-0.066392116
mlp_1_1_outputs,26,0.21456178,-0.09217857,-0.05852675,0.2422741,0.721054,0.17067418,0.15706265
mlp_1_1_outputs,27,0.0033202015,-0.305111,0.17156984,-0.05615468,0.054414134,0.3278266,0.10469938
mlp_1_1_outputs,28,0.02308845,0.17396383,-0.16110769,-0.3447607,0.038986012,-0.02766794,-0.030251408
mlp_1_1_outputs,29,0.25959706,0.11903499,0.005807975,-0.11883501,0.2331852,0.09860987,-0.1835039
mlp_1_1_outputs,3,-0.15142094,-0.10197162,0.19257483,-0.2936618,0.1684575,0.42922512,0.16723868
mlp_1_1_outputs,30,-0.16619445,-0.03219883,0.17288423,-0.26141566,0.1067917,-0.31333703,-0.2631675
mlp_1_1_outputs,31,0.08912768,-0.0062871184,0.11073177,-0.008467896,0.20119734,0.059612446,-0.5344205
mlp_1_1_outputs,4,0.107168816,0.3266251,0.61268103,0.19238779,0.5630064,0.09274369,0.17311978
mlp_1_1_outputs,5,-0.14129505,-0.16992244,0.05439737,-0.027900083,0.26971388,0.6341105,-0.21144627
mlp_1_1_outputs,6,0.23083359,0.2296705,-0.35807976,0.41777685,-0.117139205,-0.15678513,-0.12148779
mlp_1_1_outputs,7,0.03725357,-0.13090293,-0.54118884,-0.19563629,-0.6891897,-0.31212023,-0.24868688
mlp_1_1_outputs,8,0.019605642,-0.21872786,0.10344462,-0.4758338,0.012813777,-0.12759845,-0.275405
mlp_1_1_outputs,9,0.20044263,-0.5342208,-0.24165018,0.19823116,0.03753825,-0.63735545,-0.20895427
mlp_2_0_outputs,0,0.3283403,0.4476827,0.43033698,0.36413917,0.19899897,0.2638457,0.020390252
mlp_2_0_outputs,1,-0.21557993,-0.25527197,0.10871172,0.09508819,-0.21374406,-0.2090478,-0.3577471
mlp_2_0_outputs,10,0.22670324,-0.3964425,0.303711,-0.055097327,0.08343846,0.0003793776,-0.24359535
mlp_2_0_outputs,11,-0.1733434,-0.32107663,-0.46396783,-0.5463308,0.22687207,0.23833932,-0.8260898
mlp_2_0_outputs,12,0.008325978,-0.0839392,0.32999876,0.19809683,0.08068985,0.33276522,-0.10765456
mlp_2_0_outputs,13,0.16837038,0.23515058,0.50910205,-0.06958348,0.34028032,0.16238442,0.08602312
mlp_2_0_outputs,14,-0.10034153,-0.039934944,-0.42745057,-0.5512439,0.09333246,-0.3153464,-0.4138525
mlp_2_0_outputs,15,-0.4374757,-0.016943514,-0.56461954,-0.4544591,0.07869712,-0.114635624,-0.28167593
mlp_2_0_outputs,16,-0.40698025,0.49274987,-0.028195834,-0.26056328,-0.2242272,-0.18686739,-0.1207736
mlp_2_0_outputs,17,-0.47113326,-0.31008103,0.040923942,0.13602169,-0.12458151,0.061748903,-0.55031484
mlp_2_0_outputs,18,0.033237014,0.10733538,-0.24895014,-0.13250384,0.15699546,0.2334757,-0.09551921
mlp_2_0_outputs,19,0.32102036,0.0053618993,0.19651127,0.06765301,0.024623469,0.08474257,0.19559214
mlp_2_0_outputs,2,0.21636802,-0.14662836,0.088500574,-0.24010298,-0.0072574546,0.021476507,-0.17223962
mlp_2_0_outputs,20,-0.06616245,0.1438045,-0.42889953,-0.35598567,-0.2022541,-0.29267365,-0.34042078
mlp_2_0_outputs,21,0.29219106,0.11087129,-0.19580722,-0.05598889,0.56185853,-0.042757876,-0.101321295
mlp_2_0_outputs,22,-0.004121207,-0.16382271,-0.028609455,0.31912604,0.42073196,-0.08806048,-0.30559584
mlp_2_0_outputs,23,-0.008948649,-0.26044485,0.41490686,0.14051746,0.4379632,0.41377932,-0.008870578
mlp_2_0_outputs,24,0.19801353,0.045613773,0.08849344,0.23056369,0.074112356,0.23807468,-0.14892735
mlp_2_0_outputs,25,-0.3870526,-0.12672241,-0.10779984,-0.033398006,0.46693906,0.08152707,-0.32351342
mlp_2_0_outputs,26,-0.6800218,-0.11256517,-0.22653838,-0.2759859,-0.07558881,-0.064280465,-0.32518348
mlp_2_0_outputs,27,-0.18618777,0.085340165,-0.041310105,0.024438301,0.59557277,0.10646996,-0.21341975
mlp_2_0_outputs,28,0.16834117,0.2936944,0.27789623,0.1546747,0.4201251,0.3813782,-0.17337011
mlp_2_0_outputs,29,-0.107858665,-0.18641971,-0.027656684,-0.40024748,0.010626695,-0.2761061,-0.82149565
mlp_2_0_outputs,3,0.14291197,-0.11082643,0.0877458,-0.27907997,0.2331019,-0.09686448,-0.09661673
mlp_2_0_outputs,30,-0.4948502,-0.24109828,0.27221537,-0.527308,-0.02213843,-0.1051574,-0.55536664
mlp_2_0_outputs,31,-0.68325907,0.7348752,-0.29731396,-0.24705315,-0.6780317,0.041919786,-0.5378818
mlp_2_0_outputs,4,-0.87533504,-0.2790762,0.29458395,-0.5867264,-0.12355838,-0.14831774,-0.11483731
mlp_2_0_outputs,5,-0.29896933,-0.60366243,-0.13893762,-0.6551951,-0.16795139,-0.12359679,-0.38340315
mlp_2_0_outputs,6,-0.16161379,-0.3353622,-0.018265458,0.22907582,-0.016768038,0.04092659,0.004734422
mlp_2_0_outputs,7,0.17994599,0.14337055,-0.054676127,-0.40038198,0.26389033,-0.054904968,-0.4784057
mlp_2_0_outputs,8,0.10262631,0.22002085,0.014816695,-0.114854395,0.40157044,0.43313345,0.11412519
mlp_2_0_outputs,9,-0.7932,-0.013458468,-0.54214203,0.18840027,0.05921333,-0.026191015,-0.72305286
mlp_2_1_outputs,0,0.32731524,0.14562999,0.3357113,0.04939496,-0.1881322,0.64838,-0.9867736
mlp_2_1_outputs,1,0.9534812,-0.16241604,-1.1095625,-0.3446092,0.88494945,0.91433144,-0.6928709
mlp_2_1_outputs,10,-0.05441985,-0.33318135,0.48805055,-0.03535593,-0.30977935,0.3333119,-0.2711997
mlp_2_1_outputs,11,-0.3903072,0.02728727,0.4335979,-0.02107729,0.12713538,-0.43451,-0.93315756
mlp_2_1_outputs,12,-0.260796,-0.076438986,0.5936069,-0.4147539,0.89943916,-0.17599235,-0.83641905
mlp_2_1_outputs,13,-0.08044956,-0.17021962,0.3410407,-0.55584174,-0.2100176,-0.545562,1.3995285
mlp_2_1_outputs,14,0.4029771,0.118777566,0.61245126,0.31137902,0.29809195,-0.17046933,-0.6919032
mlp_2_1_outputs,15,0.35135147,-0.067088366,-0.67100155,0.6245287,-0.30118826,-0.27896565,0.56208456
mlp_2_1_outputs,16,-0.68807065,0.2169194,-0.44402736,0.16162522,1.1157566,-0.40348116,-1.0504106
mlp_2_1_outputs,17,0.37823674,0.057893984,0.104451284,0.103967346,0.14147069,0.32067958,-0.50515455
mlp_2_1_outputs,18,0.66812086,0.11401194,0.21138854,-0.19118452,0.10273227,0.052587662,-0.35710374
mlp_2_1_outputs,19,0.2868435,0.088696204,0.588723,1.031094,-0.31451046,0.11378519,-0.6800188
mlp_2_1_outputs,2,0.2856229,0.4685075,0.7121852,0.88398707,0.07977784,0.31545106,-0.22951786
mlp_2_1_outputs,20,0.35549802,-0.32957333,-0.17357616,0.40835437,-0.114382245,0.5203263,-0.8383707
mlp_2_1_outputs,21,0.32375613,-0.2805983,-0.055706944,0.56266075,0.082717724,0.21492288,-0.6548473
mlp_2_1_outputs,22,0.32785287,-0.120410204,-0.50476784,1.3069537,-0.40540442,0.15065573,-0.4851012
mlp_2_1_outputs,23,0.3256209,0.08217796,0.09143871,0.46280658,0.042982098,0.16664249,1.6933604
mlp_2_1_outputs,24,-0.13490441,-0.48788717,0.07616533,0.8098601,0.3437445,-0.051296376,-0.61018836
mlp_2_1_outputs,25,-0.36921954,0.10011869,0.37165835,0.095902115,1.9728699e-05,1.0791072,-0.6024367
mlp_2_1_outputs,26,0.37565708,0.15784194,0.58055735,0.24957277,0.07670104,0.29413825,-0.4521202
mlp_2_1_outputs,27,0.0156203965,0.4162929,-0.052191343,0.027738217,-0.0049971035,-0.2009582,-0.04624248
mlp_2_1_outputs,28,0.2297915,0.21232665,-0.1473064,-0.2717768,-0.0026591728,0.16654204,0.095586866
mlp_2_1_outputs,29,-0.17434292,-0.7118029,0.29642996,0.61118007,-0.44701254,-0.27254847,-0.79173785
mlp_2_1_outputs,3,-0.046141185,-0.048525136,-0.32328805,0.17353474,-0.35038567,-0.32298827,0.9261871
mlp_2_1_outputs,30,0.15022314,-0.0036820127,0.12058274,0.31089106,0.27282763,0.11137869,-0.7950983
mlp_2_1_outputs,31,-0.21578774,0.11118491,-0.23825854,0.44762266,-0.6769121,-0.11211756,-1.0511044
mlp_2_1_outputs,4,-0.1913443,0.18469766,0.45341697,0.6510217,-0.058257837,0.18990253,-0.6217019
mlp_2_1_outputs,5,0.27019656,0.16191883,0.24820663,0.09324939,0.12441309,-0.2723686,-0.8193881
mlp_2_1_outputs,6,0.373859,0.42221746,0.12204518,0.6548756,0.18734162,0.031495485,0.12704702
mlp_2_1_outputs,7,0.69409573,0.046108484,0.33279544,0.37561637,0.050561745,0.079009905,-0.7210748
mlp_2_1_outputs,8,0.08793652,-0.42518392,-0.28753048,0.5407552,-0.20634952,-0.28676772,-0.95776755
mlp_2_1_outputs,9,0.043911766,-0.072508946,-0.10247838,-3.449531,-0.054393284,0.22310705,4.814645
num_attn_0_0_outputs,_,0.41012514,0.45132965,-0.24726857,0.47629124,0.42900184,0.4729805,0.48773128
num_attn_0_1_outputs,_,-1.1936921,-1.2890983,-1.2325326,4.073414,-1.2789545,-0.9050948,1.1927148
num_attn_0_2_outputs,_,-3.4325972,2.5291345,-2.7162209,-3.2877243,2.468671,-0.89158857,1.8072304
num_attn_0_3_outputs,_,-0.35443556,0.23514959,0.284383,0.23889305,0.2614321,0.23946081,0.074064404
num_attn_1_0_outputs,_,-1.1799587,-1.1888437,-0.53038776,-1.1642247,4.6314507,-1.289408,1.8524935
num_attn_1_1_outputs,_,-0.53953284,-0.74196184,1.907035,-0.738969,-0.76853365,-0.60503733,1.0264375
num_attn_1_2_outputs,_,4.678382,-0.98542106,-0.9777859,-0.8075216,-1.0900773,-0.7267033,0.9186976
num_attn_1_3_outputs,_,1.5920331,1.6174097,0.96662205,1.6309595,-4.207431,-0.60629594,-1.5589303
num_attn_2_0_outputs,_,0.28633836,0.3323139,0.30686197,0.3301446,0.30878437,-0.15061642,0.3071058
num_attn_2_1_outputs,_,0.4157315,0.4446634,0.4329518,0.41717607,-0.25075603,0.3734565,0.06666462
num_attn_2_2_outputs,_,0.18024018,-0.4832883,0.14659072,0.16032395,0.13738309,0.17640172,-0.32496428
num_attn_2_3_outputs,_,-0.8484162,-0.76718503,-0.69580984,-0.690698,-0.85271275,3.7752705,3.0747097
num_mlp_0_0_outputs,0,-2.110118,0.01654455,-4.129669,-2.3715727,-1.1773481,-0.07215244,3.5844736
num_mlp_0_0_outputs,1,0.10741555,-0.06289677,0.73814636,0.23609005,0.16808148,0.22064608,-1.8405392
num_mlp_0_0_outputs,10,-0.011608641,0.08264901,0.9749425,-0.015602084,0.44713748,0.1909965,-4.6614404
num_mlp_0_0_outputs,11,0.060627203,-0.019671591,0.8876903,0.14643233,0.50967664,0.48093933,-3.6372008
num_mlp_0_0_outputs,12,-1.125293,-0.9929898,-2.8610666,-1.2092981,-0.86489624,-0.712836,4.2896504
num_mlp_0_0_outputs,13,0.16149649,-0.052175924,1.0361767,0.89606684,0.5355297,0.71372527,-1.2454833
num_mlp_0_0_outputs,14,-0.27943128,-0.8538966,-5.6004553,-0.9624261,-0.7307434,-0.52666944,9.949074
num_mlp_0_0_outputs,15,0.025170086,0.3045739,1.0935241,0.08431092,0.72795385,0.21170269,-4.4403405
num_mlp_0_0_outputs,16,-0.31551665,-0.46754372,-1.7563665,-0.7229337,-0.34120306,0.12544091,1.2811167
num_mlp_0_0_outputs,17,-0.040701486,-0.26553953,0.34059796,0.17891023,0.040043734,0.2805784,0.0830411
num_mlp_0_0_outputs,18,-0.19068262,-0.5690535,-0.049728237,-0.4780824,-0.009713088,0.6256608,0.44279683
num_mlp_0_0_outputs,19,0.16338235,-0.4282712,1.3398484,0.17603783,0.08034034,0.2523217,-0.68095803
num_mlp_0_0_outputs,2,0.13026807,-0.14585453,0.74431545,0.16840214,0.07109888,0.5739521,-2.173581
num_mlp_0_0_outputs,20,-0.78647965,-1.4867427,-1.9073594,-1.5464405,0.29412296,-1.1907414,1.7822827
num_mlp_0_0_outputs,21,-0.46987876,-0.8189995,-1.3810755,-0.47820893,-0.35292184,0.028189367,0.9303137
num_mlp_0_0_outputs,22,-1.1407655,-1.2366437,-2.5163343,-1.5405995,-0.64649576,-0.89847845,3.7576075
num_mlp_0_0_outputs,23,-1.6171043,-2.0019338,-2.8802521,-1.8741589,-0.31820917,-0.29632884,3.4764977
num_mlp_0_0_outputs,24,-0.12908901,-0.5602276,-1.9473027,-0.8573133,-0.34565598,-0.14334023,1.318767
num_mlp_0_0_outputs,25,0.016591897,0.09546479,0.9842327,-0.040532,0.5573192,0.18666472,-5.6711426
num_mlp_0_0_outputs,26,-0.598358,-0.47455832,-1.576443,-1.1600828,-0.9133399,-0.36753887,1.8266698
num_mlp_0_0_outputs,27,0.3917746,-1.1795398,-1.9471147,-0.8721445,-0.5321865,-0.42860568,2.8655162
num_mlp_0_0_outputs,28,-0.019007951,0.06545082,0.677511,-0.025704259,0.4150878,0.1760422,-6.7690206
num_mlp_0_0_outputs,29,-0.27011764,-0.97160465,-1.7739668,-0.37959814,-0.9052131,-0.9199055,1.8158934
num_mlp_0_0_outputs,3,-0.3848612,-0.22746703,-0.5604305,-0.72135186,0.40147823,-0.07639722,0.17236386
num_mlp_0_0_outputs,30,-0.40994698,-0.4837146,-1.1417853,-0.5649306,-0.1452717,-0.5971443,1.3064888
num_mlp_0_0_outputs,31,-0.3631252,-0.59392875,-1.379772,-0.46676582,-0.20042211,0.0139932,0.64985496
num_mlp_0_0_outputs,4,0.027286043,-0.29354274,-0.7504082,-0.73424935,0.16179195,-0.35685584,0.65537614
num_mlp_0_0_outputs,5,-0.2646887,0.15623605,-0.4870223,-0.1580244,0.3805877,0.19201028,0.30320764
num_mlp_0_0_outputs,6,-0.7327725,-0.39695612,-1.9199713,-1.0343239,-0.43402034,-0.48421955,1.8890891
num_mlp_0_0_outputs,7,-0.17047982,-0.29714558,-0.106827855,-0.16491151,-0.3697524,-0.06275021,0.038317747
num_mlp_0_0_outputs,8,-0.47892582,0.35716504,-0.33156732,-0.23137774,0.05579827,0.43393168,0.6936538
num_mlp_0_0_outputs,9,0.40280506,-1.2449075,-1.1886259,-1.4970511,0.9726326,-0.59942764,1.1407834
num_mlp_0_1_outputs,0,-0.26497757,0.18006818,-0.1638719,-0.29494092,-0.08793887,0.1441708,-0.2568023
num_mlp_0_1_outputs,1,-0.1064734,-0.09954148,-0.16856016,-0.0056128064,0.052158467,-0.073264845,-0.6287775
num_mlp_0_1_outputs,10,0.31497163,0.041464295,0.1673473,0.18149944,0.030039962,-0.5253031,0.012525142
num_mlp_0_1_outputs,11,0.6997731,0.20545064,0.050463215,0.03750242,0.00034111543,0.22098601,0.03346582
num_mlp_0_1_outputs,12,-0.31904924,-0.25543657,0.059117503,-0.1953599,-0.09755703,0.1903068,-0.2619904
num_mlp_0_1_outputs,13,-0.22395597,-0.062906645,-0.17749226,-0.18602279,0.35376242,0.03831716,-0.31741968
num_mlp_0_1_outputs,14,-0.12173332,-0.25919247,0.16030443,0.33099413,0.22485085,0.2705344,-0.16301396
num_mlp_0_1_outputs,15,0.69243205,0.12178228,-0.016489973,0.23516463,0.075589225,-0.37474185,-0.064080104
num_mlp_0_1_outputs,16,-0.25945354,-0.26232234,0.06462816,-0.29349536,0.17249897,-0.26618877,-0.39612073
num_mlp_0_1_outputs,17,0.21784124,-0.3733589,0.42070153,5.1444105e-05,0.23960327,-0.41214275,-0.42157984
num_mlp_0_1_outputs,18,-0.074108675,0.36149824,0.045581784,0.1631637,0.68421936,-0.15548214,0.0005433094
num_mlp_0_1_outputs,19,-0.21435761,0.27321082,-0.44584563,-0.2678107,-0.25622693,-0.082519576,-0.2704808
num_mlp_0_1_outputs,2,-0.1606797,-0.07107847,-0.26946935,0.0035011594,0.4168406,-0.0050602728,-0.07393465
num_mlp_0_1_outputs,20,0.3288124,-0.12688144,-0.19480386,0.26488906,-0.087769,0.004878137,-0.26188302
num_mlp_0_1_outputs,21,0.17777574,0.17474103,0.53809273,0.06204735,0.037437186,0.046584617,-0.3043417
num_mlp_0_1_outputs,22,-0.13909175,-0.18597412,0.18846236,-0.064492345,0.40603945,0.09362216,-0.31544963
num_mlp_0_1_outputs,23,0.14357983,0.035195403,-0.18404642,-0.038704995,-0.070434116,0.19760193,-0.21588981
num_mlp_0_1_outputs,24,-0.06579031,-0.10081725,-0.34395158,-0.17615713,-0.1466349,0.25330538,-0.31236738
num_mlp_0_1_outputs,25,0.1617075,0.11300057,-0.045235224,0.30715048,-0.031856716,-0.57325023,-0.04177806
num_mlp_0_1_outputs,26,0.7638183,-0.1633078,0.28666833,-0.11318725,0.08047711,0.2825764,-0.037516907
num_mlp_0_1_outputs,27,-0.10128782,-0.15358931,0.10810854,-0.12721552,0.00963358,0.059603196,-0.3061863
num_mlp_0_1_outputs,28,0.5785686,-0.13795835,-0.05840618,-0.1809181,0.036354434,0.5026049,-0.17763203
num_mlp_0_1_outputs,29,0.045681637,0.38860956,0.18515694,-0.05330387,0.10622482,0.24349026,-0.15129945
num_mlp_0_1_outputs,3,0.1929355,0.106223516,0.22251719,0.05559105,0.24556814,0.10256158,-0.03403041
num_mlp_0_1_outputs,30,0.41308826,-0.44543743,-0.14251001,0.39582902,-0.33036986,0.34570876,-0.25659862
num_mlp_0_1_outputs,31,-0.14319383,-0.11587077,-0.18677653,-0.21927884,-0.08816321,-0.09128178,-0.29872873
num_mlp_0_1_outputs,4,0.1662104,0.33277315,-0.2542436,-0.09704632,-0.38349825,-0.30253682,-0.45179212
num_mlp_0_1_outputs,5,0.9316426,0.13144818,-0.28883943,0.018676128,0.3395931,-0.2743676,-0.11340124
num_mlp_0_1_outputs,6,-0.12281361,-0.2864395,-0.5155791,-0.16660616,-0.15227993,-0.11018522,-0.49711078
num_mlp_0_1_outputs,7,-0.044604305,0.6166009,0.4334049,0.20000234,-0.020447765,0.21927486,0.1190964
num_mlp_0_1_outputs,8,0.16839698,-0.14683199,0.25381222,-0.05192163,0.1532561,0.59667057,-0.024700338
num_mlp_0_1_outputs,9,-0.103105366,-0.00793652,-0.3745923,-0.35173687,-0.1531758,-0.22750922,-0.5343219
num_mlp_1_0_outputs,0,0.2485231,-0.16061272,0.70761794,-0.05879645,-0.16817667,0.14690845,-0.04264333
num_mlp_1_0_outputs,1,0.1810956,-0.18878919,-0.17626268,0.25036475,-0.26388878,-0.088317655,-0.30610284
num_mlp_1_0_outputs,10,-0.13432238,0.391338,-0.24119602,-0.316525,0.28524402,-0.2576594,-0.46728602
num_mlp_1_0_outputs,11,-0.05808925,0.28442192,0.102655746,-0.2903338,0.06502564,-0.053526614,-0.13288882
num_mlp_1_0_outputs,12,0.059724484,-0.081384204,0.041355364,0.09057389,0.035622686,0.39658082,-0.06861634
num_mlp_1_0_outputs,13,0.26026917,0.13969253,-0.4673491,-0.30790818,-0.11506189,-0.7674204,-0.25209293
num_mlp_1_0_outputs,14,-0.0687137,0.3059915,-0.08704655,-0.21931304,-0.21351357,0.22872795,-0.3554753
num_mlp_1_0_outputs,15,-0.72563964,-0.14534275,0.18346937,-0.40214914,0.7434041,-0.3113592,-0.121294565
num_mlp_1_0_outputs,16,-0.61244816,0.62307453,0.06726974,-0.39496616,0.68958,0.0635893,0.16756916
num_mlp_1_0_outputs,17,-0.13527587,-0.15269257,0.26134494,-0.0047294805,0.20837985,0.22637708,-0.2774993
num_mlp_1_0_outputs,18,0.061005544,0.23649174,0.3862861,-0.05689011,0.31239805,0.08527284,-0.20927575
num_mlp_1_0_outputs,19,0.109350584,0.22032492,0.7541092,0.038317077,0.021607943,0.30979472,0.034915227
num_mlp_1_0_outputs,2,0.0068339366,-0.020280603,0.031479027,-0.21920969,-0.2611094,0.13221024,-0.40741825
num_mlp_1_0_outputs,20,0.7052129,-0.4528082,-0.31416306,-0.090959474,-0.115158066,-0.09053411,0.043992158
num_mlp_1_0_outputs,21,-0.051292103,-0.3063588,-0.08187818,-0.21644412,0.15711923,-0.36733013,-0.33406198
num_mlp_1_0_outputs,22,-0.087070934,0.23573676,0.15821046,-0.22485375,0.06394929,-0.3256853,-0.26194686
num_mlp_1_0_outputs,23,0.056857985,-0.037340954,0.10869291,-0.000112601745,0.10657085,0.10045371,-0.2990244
num_mlp_1_0_outputs,24,0.17749795,0.1563377,0.28582135,0.19503032,0.5052337,0.12092647,-0.05669818
num_mlp_1_0_outputs,25,0.3540682,0.037353262,-0.16130081,-0.050039038,-0.1394674,-0.09269072,-0.2764894
num_mlp_1_0_outputs,26,0.62036896,-0.3195876,0.9211415,-0.54533374,-0.43361825,0.57651186,-0.12293157
num_mlp_1_0_outputs,27,-0.3377569,-0.069458164,-0.4163362,-0.36296573,0.27754027,0.4495864,-0.07037163
num_mlp_1_0_outputs,28,-0.16011165,-0.17323299,-0.43883663,-0.15542899,0.19596875,-0.20319988,-0.30884585
num_mlp_1_0_outputs,29,0.19580352,0.23936814,0.18851501,0.2922776,0.25115034,0.38352793,0.08357847
num_mlp_1_0_outputs,3,-0.09970591,0.021612123,0.119638704,0.2962277,0.2413137,0.16362432,-0.033821944
num_mlp_1_0_outputs,30,-0.12667161,0.30513808,0.10074739,0.23067383,-0.22176987,0.022114048,-0.26611772
num_mlp_1_0_outputs,31,0.43055734,-0.16683725,-0.1698812,0.11121457,0.27509195,0.4334222,-0.28090873
num_mlp_1_0_outputs,4,-0.2957282,-0.18850674,-0.046567354,-0.08158625,0.2989669,-0.12281841,0.0012412646
num_mlp_1_0_outputs,5,0.025550961,-0.052110273,0.17697193,-0.0503104,0.5943815,0.58467174,0.12903313
num_mlp_1_0_outputs,6,0.30627036,-0.25476798,-0.18678814,-0.1486246,0.42655185,-0.29013386,-0.43380785
num_mlp_1_0_outputs,7,-0.15512109,-0.24534334,0.5331321,-0.37381685,-0.36255157,-0.4563848,-0.47478122
num_mlp_1_0_outputs,8,-0.29472867,0.20663102,0.6436196,-0.12891856,0.325699,0.66926855,-0.19623011
num_mlp_1_0_outputs,9,-0.027620114,-0.09062953,0.18347329,-0.09632766,0.114004195,-0.12847525,-0.21192878
num_mlp_1_1_outputs,0,-0.29257566,-0.0055895485,-0.30846033,-0.3248345,-0.2440341,-0.5873098,-0.335081
num_mlp_1_1_outputs,1,-0.19111943,-0.0052258773,-0.19590586,-0.27749294,0.31633848,0.056247924,-0.09586497
num_mlp_1_1_outputs,10,-0.7682898,0.5388821,-0.7683979,0.43174905,0.5764571,0.408935,0.9795055
num_mlp_1_1_outputs,11,0.030713378,-0.09695704,0.41116402,0.093184724,0.34457695,0.19549014,-0.27148154
num_mlp_1_1_outputs,12,0.21456608,-0.19092974,0.12144512,-0.18945299,-0.005528249,-0.029238222,-0.22749172
num_mlp_1_1_outputs,13,-0.09610934,-0.41266924,-0.09062841,0.11649319,-0.15551217,-0.36275584,-0.16574258
num_mlp_1_1_outputs,14,-0.08340022,-0.1978181,-0.07297461,-0.42901358,-0.12678452,-0.3493881,-0.518855
num_mlp_1_1_outputs,15,0.21573606,0.293053,0.12022577,0.03798019,0.5017408,-0.48664168,-0.11508123
num_mlp_1_1_outputs,16,0.22270602,0.25903302,0.22321546,-0.19994187,0.35353452,0.006077752,-0.16234465
num_mlp_1_1_outputs,17,0.20230481,-0.5630538,0.12614429,0.024128815,-0.16457891,-0.293756,-0.2960349
num_mlp_1_1_outputs,18,-0.023505237,-0.03452363,0.23688477,-0.37912476,0.36652634,0.22405773,-0.33302754
num_mlp_1_1_outputs,19,-0.26986843,-0.63784766,0.27003363,-0.47767755,-0.2997459,-0.5516394,-0.7005396
num_mlp_1_1_outputs,2,0.38351017,0.23523207,0.09369934,0.17728116,0.20352353,0.10065322,-0.65981174
num_mlp_1_1_outputs,20,-0.09651972,0.029954746,-0.006184942,-0.14734918,-0.38186947,-0.008435189,-0.4231159
num_mlp_1_1_outputs,21,0.07279687,0.2706847,-0.38887188,-0.29432803,0.10514245,-0.33151105,-0.37317586
num_mlp_1_1_outputs,22,0.20055991,0.043762133,-0.116025925,-0.092749104,0.31027126,0.4495154,-0.1435802
num_mlp_1_1_outputs,23,0.11931214,0.22833145,0.18040541,-0.21819383,0.25423485,0.27295527,-0.18980686
num_mlp_1_1_outputs,24,1.0585593,-0.475574,0.060645062,-0.49917462,-0.39751443,-0.12504409,-0.37119544
num_mlp_1_1_outputs,25,-0.22945441,-0.17848665,-0.48167804,-0.22972143,-0.027467486,-0.113802806,0.07557985
num_mlp_1_1_outputs,26,-0.019378113,-0.08431903,-0.19041885,0.04201066,0.11853504,-0.06334394,-0.14598589
num_mlp_1_1_outputs,27,-0.22559133,-0.4460916,0.43408123,-0.124507844,-0.37304676,-0.1762009,-0.5010317
num_mlp_1_1_outputs,28,0.25101498,0.09939098,0.06342438,-0.08377402,-0.043716595,-0.039985057,0.10394825
num_mlp_1_1_outputs,29,0.19420864,-0.16836138,-0.06481181,-0.5855279,-0.34336743,-0.20144281,-0.41160062
num_mlp_1_1_outputs,3,0.44250554,-0.1264457,-0.010759412,-0.09335526,-0.10688939,-0.14507315,-0.08844909
num_mlp_1_1_outputs,30,-0.3444772,-0.092324115,0.30006632,0.013100062,-0.22359462,-0.07118879,-0.38445345
num_mlp_1_1_outputs,31,0.6148685,0.043922823,0.19693293,0.45827344,0.03753134,-0.052588508,0.047162604
num_mlp_1_1_outputs,4,-0.56464076,-0.72115654,-0.12089868,-0.14029124,-0.3179418,-0.18920061,-0.62170076
num_mlp_1_1_outputs,5,0.5317444,0.09458802,0.37924,0.1003103,0.2691296,0.079024725,-0.28590477
num_mlp_1_1_outputs,6,-0.09147454,-0.37806138,-0.035989694,-0.3403645,-0.15763357,-0.36612022,-0.7361042
num_mlp_1_1_outputs,7,-0.2992522,0.12646917,-0.15153326,-0.3026019,-0.19251539,-0.14404602,-0.35611707
num_mlp_1_1_outputs,8,0.027369238,0.3964976,0.28006724,0.4252746,0.41190428,-0.15391277,0.27169427
num_mlp_1_1_outputs,9,0.044742208,-0.33046913,0.031616595,-0.20772457,-0.15288222,-0.014734183,-0.42509216
num_mlp_2_0_outputs,0,0.36320087,0.05242398,0.31509975,-0.0790016,-0.10932237,0.13266842,-0.05406535
num_mlp_2_0_outputs,1,-6.710974,-0.8444251,-0.85116506,-1.1412507,-0.94038886,-0.87252176,9.936016
num_mlp_2_0_outputs,10,-3.2116215,-0.54566395,-0.42313197,-0.85849726,-0.5129515,-0.5999979,3.2179623
num_mlp_2_0_outputs,11,-5.482568,-1.0512726,-0.9548302,-1.4085872,-1.0133314,-1.3934611,5.02468
num_mlp_2_0_outputs,12,-1.8966901,-0.3802535,-0.3445901,-1.0934442,-0.58365875,0.13426842,1.7082762
num_mlp_2_0_outputs,13,0.62484306,0.11931386,0.3514565,-0.008909557,0.28517085,0.19847885,-5.926072
num_mlp_2_0_outputs,14,-1.8892387,-0.47626588,-0.20262425,-0.6324402,-0.068057664,-0.30728883,1.1981347
num_mlp_2_0_outputs,15,0.45743996,0.16166785,0.36186916,0.05684708,0.3153531,0.54091793,-2.7486582
num_mlp_2_0_outputs,16,-2.9096625,-1.0375649,-0.99709696,-0.68146914,-1.0906292,-0.5443514,2.0387475
num_mlp_2_0_outputs,17,0.6881659,0.30844223,0.3902305,0.17575955,0.67117965,0.71278095,-2.306953
num_mlp_2_0_outputs,18,-0.8869082,0.059198596,0.52036285,-0.5493766,-0.33963662,-0.057716515,0.8264216
num_mlp_2_0_outputs,19,0.7353362,0.585475,0.59196514,0.30107158,0.6099822,0.7084154,-1.5128696
num_mlp_2_0_outputs,2,0.72141343,0.3993386,0.5741303,0.27313668,0.4132734,0.3812225,-2.8966045
num_mlp_2_0_outputs,20,-0.78777313,0.023880787,-0.0075545646,-0.2886272,-0.33195648,-0.1104482,0.8557561
num_mlp_2_0_outputs,21,-2.3852768,-0.61812073,-1.0922601,-1.879136,0.87053305,-0.76149637,1.4252971
num_mlp_2_0_outputs,22,0.03964468,-0.30406797,-0.12286541,-0.15121919,-0.24957457,-0.26316056,0.057781808
num_mlp_2_0_outputs,23,-1.1695268,-0.7108329,-0.3386646,-0.6910532,-0.39438155,-0.56693065,0.9329694
num_mlp_2_0_outputs,24,-3.2947755,-0.739069,-0.90311384,-0.34999698,-0.84089655,-1.1627302,2.8745255
num_mlp_2_0_outputs,25,-3.3323605,-1.2941451,-0.8040597,-1.0104079,-0.71828353,-0.35212404,2.3956738
num_mlp_2_0_outputs,26,0.19414495,0.23307133,0.4459393,0.24669802,0.04921752,0.06539871,-2.5073557
num_mlp_2_0_outputs,27,0.55154055,0.19463481,-0.032999337,0.2975556,0.52756554,0.1258678,-0.64784634
num_mlp_2_0_outputs,28,0.6123072,0.33601424,0.51809824,0.13910013,0.28450605,0.4120926,-3.1112843
num_mlp_2_0_outputs,29,0.70459515,0.09806869,0.64055693,0.15049721,0.52338517,0.33322263,-2.3602176
num_mlp_2_0_outputs,3,-0.97259223,-0.15117112,-0.22884811,-0.030408366,-0.3503942,-0.4739713,0.48169884
num_mlp_2_0_outputs,30,0.7947982,0.51997066,0.64356893,0.30992365,0.6378996,0.6898006,-2.6192758
num_mlp_2_0_outputs,31,0.4168666,-0.015042437,0.36619774,-0.028710028,0.21536013,0.31353885,-2.773957
num_mlp_2_0_outputs,4,-4.0035105,-0.99154663,-0.8306182,-1.3014545,-0.5372604,-0.8909584,4.308831
num_mlp_2_0_outputs,5,-1.295018,-0.43414107,-0.66092366,-0.5046111,-0.09353881,-0.49678802,0.8782181
num_mlp_2_0_outputs,6,0.486919,0.046483885,0.19557598,0.06502778,0.32338804,0.18411681,-0.89356595
num_mlp_2_0_outputs,7,-1.5432965,-0.31861356,-0.18540339,-0.1004392,-0.3643206,-0.37012938,1.2748507
num_mlp_2_0_outputs,8,0.33898392,-0.087120116,0.09462043,-0.18638715,0.13124038,0.15370221,-3.5670176
num_mlp_2_0_outputs,9,0.1156611,-0.12873784,-0.07336051,-0.23726876,0.00047730506,-0.0075649614,-0.0828663
num_mlp_2_1_outputs,0,-0.04507525,0.27755412,0.13566199,-0.0074294936,0.44553766,-0.29091293,0.02231699
num_mlp_2_1_outputs,1,0.21430305,0.049623214,0.09359583,-0.1732697,-0.17774831,0.0197118,-0.1314085
num_mlp_2_1_outputs,10,0.063259386,-0.1978212,-0.24628644,-0.59946126,0.093300484,-0.45869416,-0.24569027
num_mlp_2_1_outputs,11,-0.15577099,0.45666683,0.42803672,-0.58165175,-0.06512747,-0.17764784,0.04735969
num_mlp_2_1_outputs,12,-0.20452176,0.7197831,-0.049275134,-0.30709577,0.22088642,-0.33378413,-0.11323152
num_mlp_2_1_outputs,13,-0.081902675,0.15908895,0.38885418,-0.3167518,-0.23288788,-0.060000643,0.0036753407
num_mlp_2_1_outputs,14,-0.6665172,0.17904922,-0.10850143,-0.16292696,0.08358152,-0.4894721,-0.42179802
num_mlp_2_1_outputs,15,-0.26096475,0.07440425,0.22147048,0.13376348,0.2569822,-0.10015038,-0.0046840743
num_mlp_2_1_outputs,16,0.32404795,0.027105596,-0.19569959,0.0035018835,-0.41430703,0.50440073,-0.20510513
num_mlp_2_1_outputs,17,-0.03822803,-0.7043497,0.06832,0.54219687,-0.22486076,-0.95530015,-0.29626027
num_mlp_2_1_outputs,18,-0.30684164,0.06448743,-0.13768476,-0.5878156,0.058598466,-0.28518566,-0.17366822
num_mlp_2_1_outputs,19,-0.034514107,0.14301613,0.16969788,-0.00013517747,0.21506967,-0.06039581,-0.18303189
num_mlp_2_1_outputs,2,0.06955142,-0.0029881096,-0.05727304,0.014796379,-0.0027233479,-0.27038506,0.05390657
num_mlp_2_1_outputs,20,0.52341986,0.2903435,0.10302059,0.031201055,0.40908,0.04434856,-0.057158887
num_mlp_2_1_outputs,21,-0.16370323,0.008296484,0.17833683,-0.076381914,0.2625888,0.15028319,-0.058365416
num_mlp_2_1_outputs,22,0.13821913,0.1437539,0.17624769,-0.2893297,0.027375547,0.061687533,-0.0025601296
num_mlp_2_1_outputs,23,0.14238764,-0.0787024,0.10029123,-0.18464032,-0.20927612,-0.35556203,-0.3688571
num_mlp_2_1_outputs,24,-0.53462356,-0.15984997,-0.0013894213,-0.46232817,-0.10978769,-0.37119728,-0.105760284
num_mlp_2_1_outputs,25,0.5697466,-0.09599155,0.07313008,0.019825941,0.2863909,-0.33003056,0.22168629
num_mlp_2_1_outputs,26,0.35459158,-0.27976936,-0.15083723,-0.46178484,0.10988477,-0.44614637,-0.1999079
num_mlp_2_1_outputs,27,0.49047557,0.19132622,-0.06032457,0.17949675,-0.1916749,-0.17004101,0.040407278
num_mlp_2_1_outputs,28,-0.042847686,-0.03589126,0.16287288,0.12384082,0.7332526,-0.3787672,-0.3117499
num_mlp_2_1_outputs,29,0.023324637,0.62921274,0.45981658,-0.16717961,0.34198695,-0.0728608,-0.016245002
num_mlp_2_1_outputs,3,-0.06631301,0.24778433,0.44813478,0.032328054,0.49525607,0.16370806,0.2787422
num_mlp_2_1_outputs,30,-0.51090163,0.17705904,-0.22560231,0.20123193,0.013287515,-0.25575098,-0.13768667
num_mlp_2_1_outputs,31,0.108994894,0.061352525,0.14232786,-0.25872806,0.06828091,-0.3090989,-0.17116296
num_mlp_2_1_outputs,4,0.26362592,-0.073135674,0.32090342,-0.051872335,-0.12004928,-0.1956895,-0.041271113
num_mlp_2_1_outputs,5,-0.26242417,0.1951585,-0.16465533,-0.26410472,0.2936612,-0.034549467,-0.24050507
num_mlp_2_1_outputs,6,0.00024552247,0.22072397,0.102056265,0.15796296,0.21977404,0.19879164,-0.046349198
num_mlp_2_1_outputs,7,-0.11126535,0.10311958,0.4430479,-0.12084555,0.06643569,-0.12928106,0.25050634
num_mlp_2_1_outputs,8,-0.34963298,0.2690888,-0.36977363,-0.76003265,0.57886654,0.28357482,-0.95978564
num_mlp_2_1_outputs,9,0.014549813,0.0982178,-0.060330343,-0.2630372,0.09135621,-0.35602748,-0.19284172
ones,_,0.033181995,0.23233785,0.21957213,-0.09661769,0.04599102,0.15480806,-0.042603854
positions,0,0.63320297,0.6204363,0.14598086,0.39596692,0.578384,0.3537659,0.1384294
positions,1,4.6976852,2.5227845,2.708683,5.1136556,0.4680802,1.9784435,-13.501587
positions,10,-2.5894241,-1.425854,-1.8173581,-5.789696,-1.2851355,-1.3599541,2.5464725
positions,11,-3.237158,-1.5210136,-2.0511115,-1.4802549,-2.7955508,-1.4598532,2.3332114
positions,12,-2.736737,-2.340516,-1.6408446,-2.4387891,-1.177174,-2.5510588,2.2033055
positions,13,-2.8348656,-1.8141683,-1.4650859,-2.1118789,-1.7888721,-1.6886286,2.4197357
positions,14,-2.983061,-1.7045411,-1.9148607,-2.6432576,-1.5392019,-2.5671642,1.8608274
positions,15,-4.166767,-3.3925452,-1.6030912,-2.9690657,-2.3933213,-1.5347615,3.2819664
positions,16,-1.6517876,-4.4103756,-1.6980674,-1.6865549,-4.302146,-2.7321222,3.3981137
positions,17,-2.0160725,-2.1573334,-2.235793,-3.532583,-3.4304683,-1.514006,3.116283
positions,18,-1.9776262,-2.3124475,-1.6399609,-2.1645167,-2.4188106,-2.4744132,2.4635484
positions,19,-2.5646324,-2.9578724,-1.2535628,-1.5417484,-2.1957965,-2.1764555,2.2377088
positions,2,-0.7324009,1.7941759,0.45725784,3.2247603,3.205126,2.676305,1.505226
positions,20,-4.816791,-2.5874908,-1.7901883,-4.2577333,-3.1149423,-2.8826072,4.7119226
positions,21,-4.3713694,-2.558571,-1.2763596,-3.3774753,-1.3873949,-2.7700927,3.5540783
positions,22,-2.6406395,-2.2182477,-2.2980123,-2.1059637,-1.3317835,-2.0645144,2.0869691
positions,23,-2.5134494,-2.6697502,-1.7580506,-2.4748778,-2.743061,-2.8759422,2.1775339
positions,24,-3.9414027,-2.715741,-1.4385933,-2.4860334,-2.5667584,-2.5929735,2.619567
positions,25,-4.858955,-2.0569773,-0.7955355,-2.4680145,-4.583373,-2.2098062,3.7272618
positions,26,-2.8701704,-1.9950194,-0.73790693,-2.8353148,-1.2267089,-6.841176,2.530893
positions,27,-5.166139,-2.5428302,-1.3783336,-1.9732089,-2.896607,-2.739164,3.639817
positions,28,-4.2216344,-3.524684,-3.9964597,-2.2022696,-1.1423166,-3.9986033,3.2174973
positions,29,-4.3434305,-2.687058,-1.0686579,-2.1047642,-3.5249047,-3.4505084,3.8298736
positions,3,2.8408668,1.7764934,1.7323154,2.8930776,3.0966918,2.1779778,-10.678906
positions,30,-3.9302225,-4.455448,-1.2738774,-2.602588,-2.6192336,-3.6923773,2.783946
positions,31,-5.9314637,-3.1354392,-1.8707788,-3.5538979,-2.7814715,-1.9164878,4.4669228
positions,4,-0.03365978,-0.17281204,0.8112417,1.3720013,2.094814,0.99929076,-2.5862803
positions,5,1.7983413,0.8027051,1.8490269,-0.700908,-0.34946725,-0.9003336,0.21544403
positions,6,-1.2947823,0.6351721,-0.9161935,-3.931494,-3.2202263,-3.194346,11.96234
positions,7,-2.1946323,-1.8114609,-1.9957032,-2.7988915,-1.3106707,-1.5087229,2.3621705
positions,8,-1.9264375,-1.0804591,-1.3388022,-2.378033,-1.6991751,-1.9967221,2.2920606
positions,9,-3.0029728,-5.030269,-3.4836612,-2.278084,-1.3369616,-1.4732871,3.0331674
tokens,0,0.6283026,-0.008596679,0.16914149,-0.16064015,0.26301533,-1.2402363,1.3305093
tokens,1,-0.05879376,0.9050201,0.53153294,-0.36117473,0.09184901,-1.6627501,3.0494077
tokens,2,-0.05642881,0.44493842,1.0348932,-0.4809177,0.12447135,-1.6675402,2.922647
tokens,3,0.48222122,-0.4875606,-0.47304824,0.661458,1.125492,-1.0213099,1.1446767
tokens,4,0.25264776,-0.5914116,-0.64377874,0.33316663,1.2664248,-1.2518718,0.8107609
tokens,5,0.2985628,-0.7441525,-0.6147202,-0.46457464,-0.6545972,4.116943,-10.44971
tokens,<pad>,-0.16938442,0.1539163,0.300446,0.5110136,0.22313221,-0.21301064,-0.26223364
tokens,<s>,0.0041147424,0.37049064,-0.002113611,-0.37330705,0.67069894,-0.67083806,-0.001491242
tokens,_,-0.39097908,0.16024208,-0.031910326,-0.5151631,0.23891494,-0.025482489,0.7027637
tokens,_,-0.1300365,0.06424512,-0.22434919,-0.44524217,-0.47621775,0.4481178,-0.35807955
tokens,_,-0.3863737,-0.4939877,0.14922981,-0.22339632,-0.23088814,-0.4519807,0.2949382
tokens,_,-0.20715392,0.36523995,0.1390528,-0.25495154,-0.18478811,-0.29848167,0.20564847
tokens,_,0.11941915,-0.47512802,-0.01398015,-0.32975283,-0.049146943,-0.021003986,-0.080028705
tokens,_,-0.27528194,-0.08567958,-0.35702625,-0.07214977,-0.18793096,-0.21947011,0.021981236
tokens,_,0.2756282,-0.40932286,0.09071588,0.20208907,-0.15426083,-0.14298193,-0.38356718
tokens,_,0.97367775,0.21907635,0.10509982,0.26572004,0.60369664,-1.1307411,0.55578655
tokens,_,-0.27149707,0.04192521,0.20108919,-1.10244,-0.12868854,0.42337957,-0.096793726
tokens,_,0.580075,-0.08743667,0.02880205,-0.8044674,-0.14482678,0.48816732,-0.16720396
tokens,_,-0.88179785,-0.646821,-0.37954208,-0.57531446,0.12345395,-0.28515676,0.5899491
tokens,_,0.009050538,-0.2749889,-0.48885185,0.52858305,0.025450887,0.46039975,0.42759562
tokens,_,-1.0052599,-0.07980917,0.30441275,-0.020925183,-0.20520125,0.20357011,0.5311872
tokens,_,-0.20560434,0.95512366,-0.18011735,0.15138665,0.114335135,-1.0422562,0.78229135
tokens,_,-1.1273478,0.27234754,-0.4700664,-0.067911714,-0.17921692,-0.5112218,-0.0734289
tokens,_,-0.016371522,-0.4110765,-0.14704923,-0.31574917,-0.07017336,-0.1634764,0.2899558
tokens,_,0.48466113,0.21876203,-0.36869943,-0.28126156,-0.13968958,-0.121831074,-0.23126592
tokens,_,0.13989119,0.2615358,0.8350849,-0.40937707,0.6441077,-0.06359488,0.91732365
tokens,_,-0.36024645,0.001025967,-0.5003302,-0.051762987,-0.15131575,-0.13159716,-0.36525413
tokens,_,-0.3212133,0.2730275,-0.51902264,-0.11077455,0.0048299693,-0.23941442,-0.38132674
tokens,_,0.1907629,-0.1523368,-0.2638372,0.05340007,-0.4347526,-0.12852222,0.20925002
tokens,_,0.26451004,-0.6984358,-0.26966918,0.19206409,0.08082518,-0.012101637,0.22490765
tokens,_,0.5099368,-0.1711479,-0.05775209,1.1013813,-0.15198909,0.09210472,0.22653
tokens,_,-0.284416,-0.12565209,-0.018891513,-0.21442577,0.23364396,0.36178228,0.13470325
