feature,value,0,1,2,3,4
attn_0_0_outputs,0,1.9833874,-2.1049685,-1.7473266,-0.7178776,2.3586688
attn_0_0_outputs,1,-0.75028586,-0.59772426,-0.85572296,-0.3833219,1.0266999
attn_0_0_outputs,2,-4.964771,-0.41306788,4.2563634,-1.3111411,0.6565423
attn_0_0_outputs,3,-4.7175946,-1.971863,-1.5469618,4.2651167,-0.37325302
attn_0_0_outputs,4,-0.9478258,-0.8106181,-0.9918787,0.756236,2.2694695
attn_0_0_outputs,</s>,3.007057,-4.32233,-0.6869537,0.20192155,1.7149985
attn_0_0_outputs,<pad>,-0.51354027,0.124482445,-0.36772192,0.09344746,0.117747016
attn_0_0_outputs,<s>,-2.2130802,-0.18157238,-0.4223128,0.041926228,2.5971143
attn_0_0_outputs,_,0.07362562,0.77587026,-0.6379639,-0.49247557,-0.1751007
attn_0_0_outputs,_,0.8247518,0.6581252,0.60959786,-0.093263246,-1.1860725
attn_0_0_outputs,_,0.4046403,0.4706029,-0.028051563,0.27990448,-1.1862564
attn_0_0_outputs,_,1.1480381,0.04262112,-0.41574773,-1.0793123,-1.2000254
attn_0_0_outputs,_,0.5571345,-0.014889972,0.1267363,-0.65934616,-1.4729061
attn_0_0_outputs,_,0.904913,0.71677226,1.252918,-0.004577141,-1.7712326
attn_0_0_outputs,_,0.57611674,0.38075024,0.51464844,0.030249653,-0.9592179
attn_0_0_outputs,_,0.7276125,0.45431083,1.0389363,0.5690785,-1.2836251
attn_0_1_outputs,0,-0.4032822,-0.9527177,0.111572504,0.17592257,0.61620563
attn_0_1_outputs,1,-1.4698302,-0.08837412,-0.26660776,0.6889317,0.67969656
attn_0_1_outputs,2,-0.56898063,-0.61213744,0.8723744,0.6109877,0.62549067
attn_0_1_outputs,3,-2.4412622,-1.2976038,-0.06117727,1.2306011,0.8236004
attn_0_1_outputs,4,-1.932317,-1.6395105,-0.61419433,0.50915754,1.8176906
attn_0_1_outputs,</s>,-4.978683,-2.5937135,-0.77294374,1.5196784,2.5960793
attn_0_1_outputs,<pad>,-0.57435125,0.27970332,-0.52726686,0.8800008,0.2885081
attn_0_1_outputs,<s>,-5.8074956,-2.7014236,-1.7758487,1.9361882,3.8236368
attn_0_1_outputs,_,0.20032035,0.36352956,0.50560415,0.29699644,-0.18597806
attn_0_1_outputs,_,-0.0049851895,0.38946304,-0.034128767,0.12199816,0.31234217
attn_0_1_outputs,_,0.76007104,0.8341853,-0.007131397,-0.55696595,-0.67141163
attn_0_1_outputs,_,0.71389264,1.0087202,-0.1966256,-0.79922837,-0.42571333
attn_0_1_outputs,_,0.99957186,0.2777419,0.509184,-0.87338525,-0.5933131
attn_0_1_outputs,_,1.1043382,0.68964285,0.59226006,-1.0285138,-0.9372181
attn_0_1_outputs,_,0.72696483,0.68121314,0.71126944,-0.903498,-0.7889447
attn_0_1_outputs,_,0.116466515,-0.31314108,0.029748945,-0.14042819,-0.13901424
attn_0_2_outputs,0,3.234953,0.17512819,1.5595564,-1.0235707,-0.50788695
attn_0_2_outputs,1,-1.3822839,-0.9675884,1.595819,-1.219691,0.65182024
attn_0_2_outputs,2,-2.5326202,-2.3275635,-0.5174154,3.392385,0.535013
attn_0_2_outputs,3,-3.8922477,-1.7351172,-0.3953032,3.6869202,0.13484102
attn_0_2_outputs,4,-3.2992918,-2.409266,-0.8885769,-1.7500737,6.2681484
attn_0_2_outputs,</s>,-2.7872381,-1.5301397,-1.0413,2.2275572,1.5193939
attn_0_2_outputs,<pad>,-0.67661667,-1.7511898,1.4720329,-1.0860434,1.8643721
attn_0_2_outputs,<s>,-1.0044032,-0.4241232,0.484587,-1.4618849,1.6120322
attn_0_2_outputs,_,-0.51550806,-1.2855954,1.811864,-1.3203764,-0.052765626
attn_0_2_outputs,_,0.44266507,-0.9864528,-1.7431569,0.26411176,0.5322874
attn_0_2_outputs,_,0.76887697,-0.6540138,-1.1699082,1.3987037,-0.7836885
attn_0_2_outputs,_,1.0988895,0.17024001,-0.8588441,1.1874702,0.16602276
attn_0_2_outputs,_,-0.31188717,-0.97669935,-1.509046,1.3450876,0.28505927
attn_0_2_outputs,_,0.3928336,-1.2802447,1.6170332,-1.8699967,-0.44075188
attn_0_2_outputs,_,1.0953579,0.47931924,2.4079828,-1.6973417,-0.8477662
attn_0_2_outputs,_,0.006134508,-0.4713081,0.2171631,-0.03130448,-1.1908386
attn_0_3_outputs,0,0.04009025,-0.89887106,0.35142288,0.31088397,0.6796007
attn_0_3_outputs,1,-1.5324455,-0.31620118,0.010066686,0.6635934,0.6765163
attn_0_3_outputs,2,-0.99183506,-1.1811916,0.6352094,0.14801906,-0.13722362
attn_0_3_outputs,3,-1.9687063,-1.5492097,-0.35641494,0.89740807,0.43649796
attn_0_3_outputs,4,-1.9992932,-1.8868574,-0.6798258,0.41415069,1.6630651
attn_0_3_outputs,</s>,-6.6386437,-1.1752527,0.69819903,1.6611683,4.5788417
attn_0_3_outputs,<pad>,-0.5743518,-0.3533045,-0.17746218,-0.264668,0.18476
attn_0_3_outputs,<s>,-0.74766666,-0.84865844,-0.6642182,-0.3571435,0.6319263
attn_0_3_outputs,_,1.0719168,0.71822536,0.08245155,0.09231135,-0.34296834
attn_0_3_outputs,_,0.51345026,1.2014108,-0.4551065,-1.0574564,-0.6033529
attn_0_3_outputs,_,1.1965473,1.0061699,0.3160779,-1.174314,-0.5869132
attn_0_3_outputs,_,0.85465074,0.61456996,0.7259853,-1.2795781,-0.2640519
attn_0_3_outputs,_,0.65021336,0.4212089,1.0002247,-0.8311477,-0.5132645
attn_0_3_outputs,_,0.23086588,0.53686726,0.25037017,-0.42689618,-1.6877625
attn_0_3_outputs,_,0.7158632,0.12744777,0.9080639,0.106126994,-1.2392046
attn_0_3_outputs,_,0.36353806,-0.21467622,-0.23729461,-0.18938035,-0.7359823
attn_1_0_outputs,0,-0.64034426,-0.10169866,0.3083364,0.2278613,0.6715222
attn_1_0_outputs,1,-2.7235827,-1.5142126,-1.0183524,1.6005433,2.5727448
attn_1_0_outputs,2,-0.6599721,-1.2798023,1.1498107,-0.6000017,0.06336009
attn_1_0_outputs,3,-4.6111846,-2.4617636,-1.7781615,1.887049,2.702368
attn_1_0_outputs,4,-2.5736828,-0.80111116,-0.35163808,0.85422164,1.890885
attn_1_0_outputs,</s>,-1.7282411,-1.194968,0.77308446,0.18127133,1.6748111
attn_1_0_outputs,<pad>,-0.24809802,-0.02526226,-0.7414384,-0.7581518,0.7327264
attn_1_0_outputs,<s>,-4.888453,-1.1779609,0.31076995,1.803009,1.568893
attn_1_0_outputs,_,0.21436912,0.28411877,0.17011692,-0.21192658,0.16844992
attn_1_0_outputs,_,0.39981645,0.11530205,0.10188501,-0.24579336,0.39317247
attn_1_0_outputs,_,-0.5654667,1.3006356,0.38828424,-0.5039867,0.43863094
attn_1_0_outputs,_,0.2776247,0.166378,0.44833344,-0.04529137,-0.9557414
attn_1_0_outputs,_,-0.14939861,0.73371553,0.61999863,0.19850041,-0.97024494
attn_1_0_outputs,_,0.18197684,0.41615072,-0.38395956,-0.70273846,0.013539719
attn_1_0_outputs,_,-0.8788979,0.2984244,0.3362516,0.12614487,-0.08778011
attn_1_0_outputs,_,0.37205,-0.56597143,0.4775748,0.4735432,-0.08266877
attn_1_1_outputs,0,-1.7797762,-1.1936175,-0.41322607,0.93331236,1.0738736
attn_1_1_outputs,1,-1.3635658,-0.41054645,-0.0011458934,1.6521103,1.5544
attn_1_1_outputs,2,-1.3995136,-1.0555345,-0.15470001,0.9529933,0.9184404
attn_1_1_outputs,3,-1.6181328,-1.1701826,-0.13521414,1.5670513,1.3124104
attn_1_1_outputs,4,-1.6220614,-1.2656908,-0.5031077,1.226486,1.5995467
attn_1_1_outputs,</s>,-1.1052039,-0.8693578,-0.22713153,1.4192127,1.9915831
attn_1_1_outputs,<pad>,-0.26871932,-0.081972755,-1.0426787,-0.6497275,0.051032305
attn_1_1_outputs,<s>,-1.1965584,-0.97343683,-0.49561498,0.99730414,1.8607965
attn_1_1_outputs,_,0.16838408,0.49899986,0.4015887,0.49949768,-0.015411485
attn_1_1_outputs,_,0.28674203,-0.66979754,-0.49035388,-0.36916846,-0.35518324
attn_1_1_outputs,_,0.16252452,-0.36416543,0.34064722,-0.7477831,-0.30458498
attn_1_1_outputs,_,0.20119742,-0.019952957,-0.005993367,-0.15118316,-0.24767911
attn_1_1_outputs,_,0.30545548,0.888299,-0.42453033,0.17183095,-0.9720337
attn_1_1_outputs,_,0.13357449,0.4927357,-0.3463348,0.21190809,0.17561468
attn_1_1_outputs,_,0.21460079,-0.13442458,-0.6332146,-0.26032716,-0.37304884
attn_1_1_outputs,_,0.38266185,0.21559885,0.10480532,0.40048307,0.4630094
attn_1_2_outputs,0,-2.0324297,-1.6526523,-0.044443525,0.4135676,1.0716134
attn_1_2_outputs,1,-1.9494088,-0.8798808,-0.19311993,0.931264,1.1355282
attn_1_2_outputs,2,-1.8558913,-1.2843434,-0.0062383534,0.7667319,0.99224716
attn_1_2_outputs,3,-2.9063072,-1.3621835,0.0076160636,1.3252015,1.360173
attn_1_2_outputs,4,-2.4896212,-1.5842683,-0.20061767,0.89464295,1.9396995
attn_1_2_outputs,</s>,-1.9238546,-1.5425938,-0.053695228,1.0105639,1.379567
attn_1_2_outputs,<pad>,-0.282881,0.40888727,-0.09434247,-0.79684484,0.11867792
attn_1_2_outputs,<s>,-1.0808564,-1.3601952,0.2022893,0.71064675,1.0240575
attn_1_2_outputs,_,-0.32963085,0.8960684,0.15672013,-0.04889829,-0.5703477
attn_1_2_outputs,_,0.06297535,-0.37707198,-0.007612147,-0.33588368,-0.65954673
attn_1_2_outputs,_,-0.08197788,-0.18484268,0.6517002,0.4648966,-0.87324905
attn_1_2_outputs,_,0.112009004,-0.22660214,-0.7529734,0.48516592,-0.46752143
attn_1_2_outputs,_,0.26019645,-0.0011194925,0.7460583,0.17525221,-0.17321955
attn_1_2_outputs,_,0.26659492,0.23719504,0.031311605,0.18219607,-1.1034411
attn_1_2_outputs,_,0.37543753,0.35436606,0.5323622,0.10635812,0.011584258
attn_1_2_outputs,_,-0.2947343,-0.024177235,0.4098856,0.08580754,-0.15060584
attn_1_3_outputs,0,-2.208238,-2.1370234,-0.2757289,0.91827995,1.3527958
attn_1_3_outputs,1,-1.8774484,-0.40722018,0.4092727,1.0011659,0.8422935
attn_1_3_outputs,2,-1.5195619,-1.1242491,0.37357032,0.9658609,1.0552336
attn_1_3_outputs,3,-2.0900917,-1.3997431,-0.18438035,0.9722663,0.6711854
attn_1_3_outputs,4,-1.3416893,-1.0736235,0.07643625,0.89283466,1.5687236
attn_1_3_outputs,</s>,-0.99917895,-1.0769981,0.13387632,1.1712276,1.6084062
attn_1_3_outputs,<pad>,-0.124947205,-0.3261156,0.6702004,-0.1837953,0.8026132
attn_1_3_outputs,<s>,-2.157568,-1.0811766,0.27470887,0.70734817,0.78905225
attn_1_3_outputs,_,-0.28733978,0.30958104,0.17384438,0.08098042,-0.71013045
attn_1_3_outputs,_,-0.09152978,0.4473855,-0.5800058,0.503357,-0.030486086
attn_1_3_outputs,_,0.23484752,-0.16112761,-0.37284303,-0.79080343,0.05495899
attn_1_3_outputs,_,0.34172085,0.17381984,0.10055936,0.35373178,-0.29015067
attn_1_3_outputs,_,0.467282,-0.45324624,-0.23962465,-0.12299137,-1.3042357
attn_1_3_outputs,_,-0.16333738,0.6543989,0.8676488,0.2928243,0.18488166
attn_1_3_outputs,_,-0.69610846,0.004361675,-0.6958929,0.35267642,0.76224184
attn_1_3_outputs,_,0.050752085,-0.5285659,-0.42991352,0.048496515,0.68248695
attn_2_0_outputs,0,-1.7565906,-1.31257,0.07051453,0.1330814,1.2441998
attn_2_0_outputs,1,-2.427918,-0.91862696,-0.4698704,0.5656167,1.262311
attn_2_0_outputs,2,-1.3885114,-0.79456127,0.5495941,0.6675031,1.260356
attn_2_0_outputs,3,-2.1568742,-1.0929604,0.21791354,1.4009849,1.6326056
attn_2_0_outputs,4,-1.7956071,-1.5735902,-0.46404803,0.7109639,2.1759696
attn_2_0_outputs,</s>,-2.441388,-1.518824,0.014488808,1.0786554,1.8204542
attn_2_0_outputs,<pad>,-0.63009894,-0.45305717,-0.14963852,-0.11019427,1.2645338
attn_2_0_outputs,<s>,-2.3552904,-1.8974364,0.03035654,1.0902096,2.1861987
attn_2_0_outputs,_,-0.28894714,0.18572856,0.11731185,-0.0022898675,-0.120093614
attn_2_0_outputs,_,0.06425148,-0.2534182,-0.0729393,0.055728436,0.42702737
attn_2_0_outputs,_,0.5268931,0.5587477,0.054184526,0.6811341,-0.16487293
attn_2_0_outputs,_,-0.22633818,0.62101036,0.34599918,0.10129837,-0.23317386
attn_2_0_outputs,_,-0.68678296,0.97440684,-0.033548743,0.45994753,-0.72794175
attn_2_0_outputs,_,-0.16377153,-0.15349993,-0.11389859,-0.2259867,0.09689558
attn_2_0_outputs,_,0.16128273,-0.0487486,0.69029564,-0.5059783,-0.31188306
attn_2_0_outputs,_,-0.07600211,0.6409269,0.47479096,0.76101893,-0.00021865933
attn_2_1_outputs,0,-0.9804393,-0.9004216,-0.82284343,-0.2324603,1.1139266
attn_2_1_outputs,1,-1.2140423,-0.5153091,0.19342726,1.1279281,1.7010568
attn_2_1_outputs,2,-1.7645751,-1.3581796,-0.082866065,0.4081972,2.0081887
attn_2_1_outputs,3,-0.84779906,-0.6165385,0.21150528,1.1770622,1.6343968
attn_2_1_outputs,4,-3.8940701,-2.4887385,-0.463928,0.8638122,3.4053168
attn_2_1_outputs,</s>,-1.3971881,-1.1499,-0.34080577,1.1588415,1.9851774
attn_2_1_outputs,<pad>,-0.75854737,-1.4429728,-1.5871338,1.2579385,-0.9642615
attn_2_1_outputs,<s>,-0.71192586,-0.6370113,0.9496685,1.7691225,-1.4007125
attn_2_1_outputs,_,-0.2215554,-0.41767445,-1.0409138,-1.4747938,0.71874934
attn_2_1_outputs,_,0.30092627,0.06166093,-0.8975486,-1.0361413,1.1130431
attn_2_1_outputs,_,-0.15312958,-0.63348913,-0.4554843,0.53020436,0.3384904
attn_2_1_outputs,_,-0.8652526,-0.57781786,-0.90919083,0.92137504,1.3411242
attn_2_1_outputs,_,-0.4970868,-0.69930404,0.08335219,1.4689275,-1.266458
attn_2_1_outputs,_,0.49428588,-0.85051686,-0.77808064,2.0716546,-0.8743894
attn_2_1_outputs,_,-0.37727955,-0.016560897,-0.2987234,1.8308854,-0.36001202
attn_2_1_outputs,_,-0.18606351,0.42466882,-0.29001722,0.43890172,-0.11940544
attn_2_2_outputs,0,-1.8418604,-1.7254276,-0.3115325,0.24560425,1.064197
attn_2_2_outputs,1,-2.1584558,-1.0829563,0.07404827,1.1464328,1.587528
attn_2_2_outputs,2,-1.5963802,-1.20369,0.40029076,0.95848733,1.6096972
attn_2_2_outputs,3,-2.126946,-1.2618328,0.27651125,1.5267017,1.793165
attn_2_2_outputs,4,-2.6545763,-1.9960129,-0.59193337,0.74559313,1.9335827
attn_2_2_outputs,</s>,-3.1276128,-1.048317,0.18591426,1.0420038,1.570934
attn_2_2_outputs,<pad>,-1.4229237,-0.38979527,-0.011609384,-0.50577015,0.61965543
attn_2_2_outputs,<s>,-2.4844804,-1.387698,0.40969634,1.4965888,2.232727
attn_2_2_outputs,_,-0.22681715,0.40828234,-0.14212497,-0.50829005,-0.26939172
attn_2_2_outputs,_,-0.106697045,0.12117737,-0.34560108,0.27206215,-0.115882725
attn_2_2_outputs,_,-1.0176433,0.6365144,-0.10253746,0.37944052,0.05457972
attn_2_2_outputs,_,0.029950002,0.47065675,0.064864084,-0.21751791,0.06300207
attn_2_2_outputs,_,-0.17531194,0.44056734,0.3772395,-0.078377865,-0.12589587
attn_2_2_outputs,_,0.4816845,-0.027860427,-0.26343495,-0.26048782,-0.40453517
attn_2_2_outputs,_,-0.991809,-0.023787767,0.03863958,0.6711059,0.11848027
attn_2_2_outputs,_,0.24176025,-0.05195798,-0.215099,0.13918662,0.7883903
attn_2_3_outputs,0,-1.5073946,-1.049429,0.115516566,0.82157993,1.2032917
attn_2_3_outputs,1,-2.1298487,-1.0332968,-0.30840868,0.6519581,1.0900301
attn_2_3_outputs,2,-1.6676472,-1.1835132,0.036656193,0.697651,0.9957569
attn_2_3_outputs,3,-1.8092667,-1.0015855,0.33224165,1.4099537,1.6276727
attn_2_3_outputs,4,-2.354723,-1.6740968,-0.41772032,0.77118784,1.4622824
attn_2_3_outputs,</s>,-1.4617114,-1.1877753,0.08441273,0.63512915,1.0029334
attn_2_3_outputs,<pad>,-0.35828584,0.048306454,-0.11849665,0.31869408,1.2983464
attn_2_3_outputs,<s>,-1.2874192,-0.8844859,0.45242265,0.8677273,1.2738115
attn_2_3_outputs,_,-0.5204442,-0.74014515,0.017335774,0.57781255,0.5062091
attn_2_3_outputs,_,0.5175967,-0.18159285,0.43118438,-0.4188147,0.08901219
attn_2_3_outputs,_,0.8448159,0.093593456,0.05572229,-0.022191806,0.6294566
attn_2_3_outputs,_,-0.19848377,0.19773568,0.34430566,0.7489451,0.7092106
attn_2_3_outputs,_,0.045369066,1.0153394,0.824253,-0.12498596,0.1785522
attn_2_3_outputs,_,-0.031515017,-0.20134406,-0.002298835,-0.7136985,0.21069774
attn_2_3_outputs,_,-0.10604431,-0.9167366,-0.16087635,0.013392125,0.6755657
attn_2_3_outputs,_,0.28744137,-0.23954695,-0.65818304,0.25496036,0.15902086
mlp_0_0_outputs,0,-0.2792468,0.3270852,0.7590476,-0.6653345,-0.35020423
mlp_0_0_outputs,1,7.3237257,3.594487,-0.5379542,-6.0707226,-12.975452
mlp_0_0_outputs,10,-0.6339745,-0.37229115,-0.37537795,-0.2589134,1.2365253
mlp_0_0_outputs,11,-0.10077541,0.79735863,0.46218663,0.039543077,-0.5351053
mlp_0_0_outputs,12,2.9140403,-9.541546,-1.7587864,1.4521258,4.39067
mlp_0_0_outputs,13,0.28576905,1.84446,1.0504452,-0.78369987,-3.0741532
mlp_0_0_outputs,14,0.5256913,0.4370371,-0.25334406,0.035692707,-0.42966598
mlp_0_0_outputs,15,0.53679353,0.002268009,0.16667338,-0.30127507,-0.087565094
mlp_0_0_outputs,2,0.12561107,0.5509008,0.81545925,0.08925198,0.6845634
mlp_0_0_outputs,3,-6.134036,1.469604,1.8266078,0.09912067,0.37299114
mlp_0_0_outputs,4,0.12699066,0.682845,0.29705596,-0.7611417,-1.1058382
mlp_0_0_outputs,5,-0.031282965,-0.4678907,0.6677573,0.3498971,0.036946584
mlp_0_0_outputs,6,6.319123,-7.373949,-1.4621463,2.8209667,4.0388374
mlp_0_0_outputs,7,-15.525426,-1.8608712,1.0098132,2.9176683,1.5756238
mlp_0_0_outputs,8,0.13824633,0.10644675,-0.44071448,-0.08365971,0.4284116
mlp_0_0_outputs,9,-1.1988727,-0.20153265,-0.20895237,0.14144674,0.37288558
mlp_0_1_outputs,0,-0.7944864,-0.91874,0.3849045,1.2711394,-0.33391258
mlp_0_1_outputs,1,-0.93867385,-0.16472994,-0.36234552,0.26355872,0.60295856
mlp_0_1_outputs,10,-0.75665253,-0.5795706,-0.27335382,0.5960944,0.49861336
mlp_0_1_outputs,11,0.29077733,-0.3852378,0.4120177,0.7540596,0.34428245
mlp_0_1_outputs,12,-0.057207502,-0.68010426,-0.3444272,-0.034007367,-0.14410643
mlp_0_1_outputs,13,0.29839137,1.0834752,-0.17164993,0.018458685,-0.7624221
mlp_0_1_outputs,14,1.1976302,4.171305,-1.6659687,-4.948188,-7.6241384
mlp_0_1_outputs,15,0.06650293,0.06179373,0.18092546,0.36166632,0.22397824
mlp_0_1_outputs,2,-0.030130904,-0.09554022,-0.25592926,-0.30659524,-0.16341886
mlp_0_1_outputs,3,-7.1628356,2.8875468,1.7735279,0.15133299,-0.820778
mlp_0_1_outputs,4,0.15384021,0.69810367,-0.38934508,-0.19866692,-0.07226729
mlp_0_1_outputs,5,-0.27321574,-0.44808093,0.39116454,0.4654543,-0.68609685
mlp_0_1_outputs,6,-0.37589017,0.17051934,0.54065,0.009467261,-0.0047495146
mlp_0_1_outputs,7,6.5858974,-0.6396651,-0.75419235,-1.7018936,-0.07855202
mlp_0_1_outputs,8,-6.7669344,-8.66522,-1.4980477,2.8851898,4.8740587
mlp_0_1_outputs,9,-0.032563534,0.6429508,0.63607144,0.07338457,-0.44988486
mlp_1_0_outputs,0,-0.6802623,-0.5916181,0.05644736,1.0486158,1.2324694
mlp_1_0_outputs,1,4.2629085,-0.08022427,0.04785835,-0.26018092,-0.5202284
mlp_1_0_outputs,10,0.1438729,-0.11861879,0.10452914,0.48975858,0.39940712
mlp_1_0_outputs,11,-0.8245253,-0.32843503,0.30122086,0.68462926,0.4271028
mlp_1_0_outputs,12,0.01722774,-0.13538943,0.11408986,-0.3085204,0.94129765
mlp_1_0_outputs,13,3.782581,-0.99878705,-2.2256331,0.05943403,0.52835566
mlp_1_0_outputs,14,0.3639947,0.12908588,-0.0669294,-0.33452353,-0.113060094
mlp_1_0_outputs,15,-4.9940977,-2.242335,0.051938172,2.1114407,2.080764
mlp_1_0_outputs,2,-0.1838045,-0.5111006,0.05982164,0.19389842,0.5660832
mlp_1_0_outputs,3,-0.8643084,-0.5361961,0.06690233,0.6462568,0.3916358
mlp_1_0_outputs,4,-3.617624,-0.7846144,0.8812394,1.6211293,1.631827
mlp_1_0_outputs,5,-0.061155558,-0.16503507,0.39430845,0.5029869,0.76649565
mlp_1_0_outputs,6,-0.6479093,0.1723487,0.17686237,0.70777047,0.12336265
mlp_1_0_outputs,7,-0.1934098,-0.3486558,0.04781487,0.48385757,0.39720756
mlp_1_0_outputs,8,-1.0483414,-0.5485965,0.010204487,0.9834091,0.68038523
mlp_1_0_outputs,9,-1.144602,-1.3995982,-0.15606967,0.8239058,-0.12121134
mlp_1_1_outputs,0,3.6986003,5.999557,0.51699,-6.417989,-13.557173
mlp_1_1_outputs,1,-0.7455909,-0.25058022,-0.38606912,0.30169356,0.24851903
mlp_1_1_outputs,10,0.55124813,0.7141558,0.14418674,0.423484,0.09901339
mlp_1_1_outputs,11,0.26805633,-0.2792129,0.43826672,0.050104294,0.035565034
mlp_1_1_outputs,12,-0.1596778,-0.29360065,-0.21849722,0.38400102,0.7831967
mlp_1_1_outputs,13,-0.43186763,-0.20751396,0.1993411,0.2957876,-0.08197735
mlp_1_1_outputs,14,-0.47198898,-0.2068463,-0.12523466,0.15620665,-0.06656847
mlp_1_1_outputs,15,0.036553863,-0.10673985,-0.6432167,-0.47863275,-0.0051776418
mlp_1_1_outputs,2,-1.0781922,-0.37952116,-0.1647864,0.33653134,0.95503855
mlp_1_1_outputs,3,0.27967918,-0.1159517,-0.12841032,-0.0061806575,-0.16596816
mlp_1_1_outputs,4,-11.136096,-6.5795965,-1.05176,2.5866027,4.986229
mlp_1_1_outputs,5,0.3580969,-0.13799553,0.6167465,0.19538239,0.53546494
mlp_1_1_outputs,6,-0.22031589,-0.039860222,0.034038182,0.49008995,-0.37109128
mlp_1_1_outputs,7,0.33289248,0.38343787,0.6942591,0.1628986,0.4951554
mlp_1_1_outputs,8,-0.37510946,-0.4806495,0.2377346,-0.27857742,0.39067045
mlp_1_1_outputs,9,0.34057578,0.3026084,0.047021586,-0.2706485,-0.2857866
mlp_2_0_outputs,0,-0.6104164,0.73952705,-0.45306265,0.43245313,0.6377529
mlp_2_0_outputs,1,-0.7807875,-2.2883308,-0.7093016,0.5010818,1.7447677
mlp_2_0_outputs,10,-1.0759147,-1.777838,-0.67862004,0.20001541,0.91106594
mlp_2_0_outputs,11,-0.9430856,-1.5343584,-1.2646254,0.33384922,2.113489
mlp_2_0_outputs,12,0.02621897,0.048080012,0.18233588,0.32446957,0.5757344
mlp_2_0_outputs,13,-0.52973187,0.6555541,0.42051128,0.4276433,-0.3099007
mlp_2_0_outputs,14,-4.834947,-2.6075308,0.6183126,1.5295409,2.5299654
mlp_2_0_outputs,15,-1.2141927,0.58377707,1.0281377,0.66081816,0.11242413
mlp_2_0_outputs,2,0.089017056,0.84108365,1.5150414,0.51686084,0.2898756
mlp_2_0_outputs,3,-0.3975792,-0.16272148,-0.02616348,0.598802,1.4758035
mlp_2_0_outputs,4,0.2762146,0.19076933,-0.1993053,0.55889225,1.6010542
mlp_2_0_outputs,5,0.6114793,0.28988644,-0.17061894,-0.7508707,0.16177545
mlp_2_0_outputs,6,-1.5330075,0.121817924,-0.09915403,-0.02847415,-0.062008627
mlp_2_0_outputs,7,-0.33998534,2.038294,-0.13230067,-0.036421817,-0.056017954
mlp_2_0_outputs,8,-0.55462134,0.528144,-0.5416439,-0.18238679,0.40457517
mlp_2_0_outputs,9,-0.74493784,0.901036,0.8034051,0.09382166,-0.8448212
mlp_2_1_outputs,0,-0.29831877,0.52500015,0.17327113,-0.071432844,-0.8552325
mlp_2_1_outputs,1,-0.5703794,-0.3478067,0.009657003,0.010062977,0.27401552
mlp_2_1_outputs,10,0.78046083,-0.017104937,-0.09669689,-0.5704355,-0.21518467
mlp_2_1_outputs,11,0.12778223,0.1391417,0.10081876,-0.50766814,-0.11426292
mlp_2_1_outputs,12,-0.84639674,0.21729304,0.64209497,0.19749162,0.47611538
mlp_2_1_outputs,13,-0.80989295,0.24634096,0.14719619,-0.19033515,-0.6615162
mlp_2_1_outputs,14,0.8932294,-0.07133118,-0.121106006,-0.5497754,0.33654627
mlp_2_1_outputs,15,-0.62555385,0.18195672,0.67485976,0.2058123,-0.4319054
mlp_2_1_outputs,2,-0.8026822,0.6530869,0.72829473,0.16115437,0.23891105
mlp_2_1_outputs,3,-0.84737766,0.5088637,0.6446106,0.24267654,0.5224366
mlp_2_1_outputs,4,-0.41285932,0.6860509,0.16052473,0.32519528,-0.8581846
mlp_2_1_outputs,5,-8.128843,-3.5730686,0.11606974,2.3782985,3.584947
mlp_2_1_outputs,6,7.1061087,3.5428002,-1.1178368,-5.686507,-9.674578
mlp_2_1_outputs,7,0.16988933,0.27669007,-0.02389398,-0.117364906,0.07873903
mlp_2_1_outputs,8,-0.01894015,0.4472951,0.12139182,0.26697206,-0.024619102
mlp_2_1_outputs,9,0.18162099,0.52399117,0.29323018,0.27688372,0.35955247
num_attn_0_0_outputs,_,1.4653789,2.0192273,1.9854307,-2.1149147,-3.776525
num_attn_0_1_outputs,_,0.95498234,0.63866436,0.5643775,0.9502063,-0.24756837
num_attn_0_2_outputs,_,11.720271,0.47002885,-4.6269608,-4.730186,-3.4645185
num_attn_0_3_outputs,_,1.9295875,2.9526095,2.6565194,-0.4150664,-2.1102178
num_attn_1_0_outputs,_,-0.9052561,1.0094602,1.3681749,-0.39854035,-1.0229058
num_attn_1_1_outputs,_,0.43993428,-0.0013931011,-0.095156334,0.33891967,-0.9766536
num_attn_1_2_outputs,_,1.2713541,3.2906406,-0.71846026,-1.0915877,-0.8950078
num_attn_1_3_outputs,_,0.6030553,0.6502206,-0.05315674,-0.66707385,-1.1466185
num_attn_2_0_outputs,_,1.2307913,0.9575986,0.42182142,-0.42687264,-1.0489295
num_attn_2_1_outputs,_,0.6058639,0.738644,0.091520235,-0.11223836,-0.259475
num_attn_2_2_outputs,_,0.51937014,0.35491937,0.5296964,0.008127689,-0.3420811
num_attn_2_3_outputs,_,1.9181865,0.4027283,-0.050299436,-0.84090704,-1.4031694
num_mlp_0_0_outputs,0,-1.2761496,-0.8443098,0.23205468,0.46570337,1.4436684
num_mlp_0_0_outputs,1,-0.9170284,0.6654419,-0.06535642,-0.08903558,0.41653398
num_mlp_0_0_outputs,10,-1.9630659,-1.444672,0.05860812,0.81092966,1.6060959
num_mlp_0_0_outputs,11,-1.6464992,-1.4312363,-0.38242593,0.59512144,1.1124866
num_mlp_0_0_outputs,12,-1.1099648,0.5650713,-0.27425325,0.21251708,1.0607497
num_mlp_0_0_outputs,13,-0.6842811,-0.5961106,0.27919233,0.21497028,0.73984593
num_mlp_0_0_outputs,14,-1.2148514,-0.6390798,-0.1554829,0.1442553,0.5569756
num_mlp_0_0_outputs,15,-1.2355486,-0.81930345,-0.2573098,-0.37475938,1.2796247
num_mlp_0_0_outputs,2,-1.1484067,-2.3994012,0.39532658,1.5368627,2.3673487
num_mlp_0_0_outputs,3,-1.4741956,-1.3112249,0.10855962,0.9041859,1.4365671
num_mlp_0_0_outputs,4,-1.1023384,-1.187248,-0.41215372,0.63050926,1.1176798
num_mlp_0_0_outputs,5,-0.821803,-0.42508206,-0.16592206,0.1794195,1.2737852
num_mlp_0_0_outputs,6,-1.191371,-1.396934,-0.40258598,0.49002743,1.1894027
num_mlp_0_0_outputs,7,-0.99355525,-0.9151973,0.03379372,0.5481479,1.4094417
num_mlp_0_0_outputs,8,-0.81634825,-0.39768866,-0.12996899,0.54814875,1.1387058
num_mlp_0_0_outputs,9,-0.80583084,-1.3230464,-0.10533536,0.28406924,1.7124486
num_mlp_0_1_outputs,0,-0.5708509,-0.2591003,0.28389364,0.66527,1.6544522
num_mlp_0_1_outputs,1,-0.33948705,0.039151516,0.20405951,1.539308,0.8509895
num_mlp_0_1_outputs,10,-0.95586014,-0.91049415,-0.13673769,0.63318944,0.65955853
num_mlp_0_1_outputs,11,-1.2432024,-0.76693004,-0.17378867,0.19842818,1.3369576
num_mlp_0_1_outputs,12,-0.89133245,-0.4552996,-0.04236633,0.24526712,1.2004467
num_mlp_0_1_outputs,13,-0.6425524,-0.29270378,-0.5545403,-0.032940727,0.94660777
num_mlp_0_1_outputs,14,-0.8330604,-0.4137856,-0.15489367,0.5844261,1.125222
num_mlp_0_1_outputs,15,-1.2550067,-0.5659087,0.12687087,0.76213926,1.1537738
num_mlp_0_1_outputs,2,1.1217426,-0.9300501,0.4437021,0.74328035,1.1899436
num_mlp_0_1_outputs,3,-1.4913183,-3.794322,1.8247973,4.5372324,4.895803
num_mlp_0_1_outputs,4,-1.6982437,-0.73458886,-0.23160556,0.32935756,1.6936405
num_mlp_0_1_outputs,5,-1.3311148,-0.6358932,0.24878213,1.3641992,1.1931614
num_mlp_0_1_outputs,6,-0.026193185,-0.9732648,-0.5839151,0.5910549,1.1468623
num_mlp_0_1_outputs,7,-1.2325482,-0.37673044,0.1164753,0.6454029,1.7280416
num_mlp_0_1_outputs,8,-1.3220483,-0.9146444,-0.41062263,0.43503296,0.704073
num_mlp_0_1_outputs,9,-0.08249008,-0.16314673,-0.42722222,0.6703452,0.82719415
num_mlp_1_0_outputs,0,-2.943447,-1.3931695,-0.16358706,1.2825772,1.6096852
num_mlp_1_0_outputs,1,1.4702424,1.4117664,0.49408448,-1.1698126,-2.0947373
num_mlp_1_0_outputs,10,3.0962424,1.8745605,1.6071461,-1.3197248,-3.657408
num_mlp_1_0_outputs,11,-3.2883122,-1.4668299,0.34136182,1.2917486,1.7012422
num_mlp_1_0_outputs,12,-3.0315993,-0.98069614,-0.4500966,1.4135088,2.4996107
num_mlp_1_0_outputs,13,-1.8405544,-1.1119092,0.09456794,0.76292056,1.172678
num_mlp_1_0_outputs,14,2.0359676,-1.0510259,0.66639155,-0.17694877,-1.2602088
num_mlp_1_0_outputs,15,-0.43979838,0.0038728956,0.33978975,0.6944915,1.1684084
num_mlp_1_0_outputs,2,-4.0413976,-1.7383103,0.020085435,1.0268612,1.6684288
num_mlp_1_0_outputs,3,-3.0807514,-2.0812883,-0.59942555,1.05582,1.9906868
num_mlp_1_0_outputs,4,-2.2368553,-1.066515,0.33784625,1.1677961,1.8268472
num_mlp_1_0_outputs,5,-0.40663794,0.17991582,-0.007291167,0.1096737,0.7238162
num_mlp_1_0_outputs,6,-3.4916031,-1.1287671,0.27305982,1.5404748,1.9994253
num_mlp_1_0_outputs,7,-5.1695685,-1.8379587,0.4393397,1.0020436,1.6634576
num_mlp_1_0_outputs,8,-0.771357,-0.2566378,0.093050115,0.6647545,1.1653807
num_mlp_1_0_outputs,9,-2.2192817,-1.1977462,0.42891452,1.1489282,1.4270477
num_mlp_1_1_outputs,0,0.96502876,-0.56206226,0.4698152,0.4183052,0.19496019
num_mlp_1_1_outputs,1,-1.9504741,-1.4475093,-0.0366578,0.5548312,0.90637875
num_mlp_1_1_outputs,10,-1.6009687,-0.6194926,0.2842113,1.2791375,1.3335268
num_mlp_1_1_outputs,11,-1.652275,-1.043671,0.2166922,1.1070906,1.1532458
num_mlp_1_1_outputs,12,-1.3321929,-1.2378712,-0.0042501315,0.82041436,1.1799605
num_mlp_1_1_outputs,13,-2.2571106,-1.3259811,0.0029041723,0.97056395,1.2277166
num_mlp_1_1_outputs,14,-2.1662242,-1.1032087,0.26961696,0.8193938,0.839746
num_mlp_1_1_outputs,15,-2.3513312,-1.0762291,0.3290199,1.1042747,1.4154123
num_mlp_1_1_outputs,2,-1.2663767,-0.8196006,0.1495411,1.0346603,1.2856276
num_mlp_1_1_outputs,3,-1.556356,-1.1233469,0.25688213,1.0858487,1.0134718
num_mlp_1_1_outputs,4,-1.9061857,-0.5433005,-0.18295611,0.80379564,1.1212735
num_mlp_1_1_outputs,5,-0.1414102,-0.6877856,-0.008713155,0.5048449,0.769541
num_mlp_1_1_outputs,6,-1.148882,-1.0187498,0.1961196,1.0183122,1.019589
num_mlp_1_1_outputs,7,-1.6991212,-0.8069533,0.11804536,0.82247335,1.1671661
num_mlp_1_1_outputs,8,-2.110042,-0.94876105,0.42054802,1.2327546,1.5641032
num_mlp_1_1_outputs,9,-2.4623773,-1.4036322,-0.101912074,0.82936907,1.0906262
num_mlp_2_0_outputs,0,-2.7596364,-1.5847385,0.13330287,0.24700205,0.9395015
num_mlp_2_0_outputs,1,-0.92318165,-0.6477609,-0.2037082,-0.38656247,0.28667805
num_mlp_2_0_outputs,10,-10.203424,-10.298581,0.8675302,3.2917583,5.0315733
num_mlp_2_0_outputs,11,1.3880229,0.8705201,0.31560445,-0.05637154,-0.36324862
num_mlp_2_0_outputs,12,1.4094896,1.1711428,-0.5000774,-0.9280481,-1.026492
num_mlp_2_0_outputs,13,-1.2460417,0.14702271,0.2081821,0.56813973,0.9762436
num_mlp_2_0_outputs,14,0.238702,-0.18882583,1.03433,1.5515476,2.3054945
num_mlp_2_0_outputs,15,-1.290864,-0.18679066,0.0016026696,0.30954343,0.70813954
num_mlp_2_0_outputs,2,-0.9590045,-1.2817872,0.14281854,1.0876815,2.2055757
num_mlp_2_0_outputs,3,0.84769243,2.367696,1.2675971,-1.1735356,-1.4475939
num_mlp_2_0_outputs,4,-0.8582283,-0.55133444,0.06904769,0.3154825,0.40792572
num_mlp_2_0_outputs,5,0.35653406,0.6920607,0.2873281,-0.3685351,-0.4566646
num_mlp_2_0_outputs,6,-0.9091915,-0.39871764,0.012804208,0.27690724,0.2887507
num_mlp_2_0_outputs,7,-1.3125345,-0.7605586,0.6910936,0.60161227,0.7428148
num_mlp_2_0_outputs,8,4.7979045,-1.855227,-1.9382178,1.3592081,1.4517962
num_mlp_2_0_outputs,9,0.049544062,0.5111403,0.70457006,0.21523911,0.6830055
num_mlp_2_1_outputs,0,-1.5778074,-0.6674,0.22442164,0.7944327,1.0772026
num_mlp_2_1_outputs,1,-1.268662,-1.0401314,-0.32168818,0.43822432,0.7567932
num_mlp_2_1_outputs,10,-1.4402148,-1.1076533,-0.11579755,0.7029118,0.87349707
num_mlp_2_1_outputs,11,-0.80685705,-1.0237875,0.02190989,0.5274156,1.133934
num_mlp_2_1_outputs,12,-1.7299447,-0.9233023,0.12092684,0.76284415,1.1719085
num_mlp_2_1_outputs,13,-1.8706975,-1.1012826,-0.012909361,0.6052279,1.1306682
num_mlp_2_1_outputs,14,-1.827415,-1.2427355,-0.42989618,0.5082739,1.1828543
num_mlp_2_1_outputs,15,-1.5650322,-1.1323696,-0.44417685,0.19755594,0.90077406
num_mlp_2_1_outputs,2,-1.5637304,-0.7007896,-0.16927834,0.6532525,1.1676338
num_mlp_2_1_outputs,3,-1.6885673,-0.68069434,-0.28562436,0.80235815,0.843406
num_mlp_2_1_outputs,4,-1.4190799,-0.9585983,-0.10704843,0.708089,0.9986659
num_mlp_2_1_outputs,5,-1.8720821,-1.1467732,-0.034846723,0.7834391,1.2465739
num_mlp_2_1_outputs,6,-1.1639293,-0.6409345,-0.4768397,0.5828083,0.91180205
num_mlp_2_1_outputs,7,-1.708991,-1.0690293,-0.28541952,0.5570289,0.5103022
num_mlp_2_1_outputs,8,-1.8858672,-1.1264867,-0.20586061,0.2897746,0.5883129
num_mlp_2_1_outputs,9,-1.3222709,-1.1461749,-0.29713738,0.62306166,0.99358326
ones,_,-1.4376681,-1.4520367,0.27782696,1.2783865,1.4465425
positions,0,0.35546583,0.4512556,0.13789761,0.3150552,-0.3033572
positions,1,6.5124974,3.0593956,-2.9158704,-7.7784243,-10.909319
positions,10,12.041456,1.3683785,3.4268863,-1.8524097,1.8270081
positions,11,-5.421853,-2.2254243,0.69824034,0.06847935,3.0016408
positions,12,-2.645924,3.8742795,1.7766289,-0.61282986,1.0811845
positions,13,-3.9054177,-9.062577,0.4854204,-2.5074835,4.859389
positions,14,-6.0754437,-8.436944,-15.215084,-1.9508065,7.913099
positions,15,-0.67384565,0.45849168,-0.6892074,0.21898057,-0.64285654
positions,2,-1.3406668,3.1281652,0.36323765,-2.4841044,-2.4049606
positions,3,-1.3845145,5.7981076,1.2216219,-4.109956,-5.4134517
positions,4,-22.917048,5.8265758,2.8295724,3.7907135,-0.32679293
positions,5,6.9397755,-2.8790092,0.044294424,-1.3637741,2.0652568
positions,6,-14.297074,-1.1547307,0.1854494,3.0546086,1.1426055
positions,7,2.98711,-6.4820523,0.4657265,2.5120478,3.7993872
positions,8,3.4902105,-16.889736,-6.3754044,5.0105066,10.048912
positions,9,4.656656,-10.838623,-1.0047622,4.92945,1.2772313
tokens,0,-1.1111995,-1.1479679,-0.015780779,0.325886,0.49187505
tokens,1,-2.360897,-0.52405274,-0.49726072,0.9113374,0.72731125
tokens,2,-1.1042976,-0.67296565,0.79493123,0.64373046,0.25319308
tokens,3,-2.5551612,-1.6213902,-0.4774715,0.8640365,0.23804197
tokens,4,-2.231977,-1.4769523,-0.51546913,0.93075097,1.8789783
tokens,</s>,-0.59981376,0.02523002,0.16288587,-0.048940748,0.8918998
tokens,<pad>,-0.51709837,0.3895982,-0.052184973,0.99622685,0.1365987
tokens,<s>,0.038875055,-0.41856053,-0.5407392,0.49248457,1.1263316
tokens,_,-0.249184,0.82469594,-0.5203849,0.13288957,0.447565
tokens,_,-0.45455366,-0.40960214,0.12957896,0.54642254,0.37527898
tokens,_,0.6484841,-1.1340631,0.34924185,-0.86693186,0.46045762
tokens,_,-0.38146436,0.1950668,1.179582,-0.002381984,-0.9442965
tokens,_,-0.05262222,-0.07243965,-0.16315812,-0.31894758,0.26406887
tokens,_,-0.7262733,0.2847061,-0.24962123,0.32278675,0.2920547
tokens,_,-0.14071459,0.016219748,0.054938298,0.2602367,-0.043958522
tokens,_,0.00316956,0.06889885,-0.28090444,-0.28346425,-0.09217221
